Id,target
1000001,0.57328403
1000002,-1.3674302
1000003,-2.0471404
1000004,-3.7291238
1000005,-4.6497345
1000006,-1.8515923
1000007,-1.965605
1000008,-3.7692778
1000009,-4.582465
1000010,-2.8527894
1000011,-3.3428464
1000012,-0.39160916
1000013,-3.3722456
1000014,-2.460676
1000015,-3.2301075
1000016,-5.0316935
1000017,-4.923146
1000018,-5.1075454
1000019,-8.53598
1000020,-3.520403
1000021,-4.933023
1000022,-4.494255
1000023,-4.613561
1000024,-3.938166
1000025,-3.2935364
1000026,-7.404282
1000027,-1.0466189
1000028,-3.625012
1000029,-4.847046
1000030,-7.160131
1000031,-5.5882435
1000032,-5.8082137
1000033,-5.0455904
1000034,-1.2034552
1000035,-3.5007436
1000036,-3.1327682
1000037,-6.816938
1000038,-8.338245
1000039,-5.66725
1000040,-3.5440602
1000041,-5.507849
1000042,-6.221375
1000043,0.7807178
1000044,-4.9741673
1000045,-2.8048248
1000046,-2.9770036
1000047,-6.850021
1000048,-3.529584
1000049,-4.245031
1000050,-5.39025
1000051,-3.411975
1000052,-2.9477553
1000053,-5.053372
1000054,-1.8739109
1000055,-2.2181726
1000056,-7.836126
1000057,-5.9988365
1000058,-3.1373153
1000059,-4.337864
1000060,-5.7714972
1000061,-7.7190156
1000062,-4.196834
1000063,-4.170019
1000064,-4.6663094
1000065,-6.4807363
1000066,-2.5508316
1000067,-4.909332
1000068,-5.678979
1000069,-3.7685263
1000070,-5.120952
1000071,-5.294997
1000072,-4.2970443
1000073,-2.483414
1000074,-5.474555
1000075,-5.3300056
1000076,-2.7383652
1000077,-6.9962163
1000078,-3.082904
1000079,-2.731872
1000080,-1.0486673
1000081,-1.1386677
1000082,-7.5884275
1000083,-5.1260285
1000084,-4.0782785
1000085,-7.36826
1000086,-1.948421
1000087,-0.51637036
1000088,-5.3301144
1000089,-2.202701
1000090,-7.6343307
1000091,-6.287896
1000092,-4.485264
1000093,-1.583841
1000094,-5.012206
1000095,-6.5154176
1000096,-4.208914
1000097,-1.5075978
1000098,-5.4375296
1000099,-4.3540583
1000100,-4.336926
1000101,-7.6805525
1000102,-1.4247917
1000103,-2.198421
1000104,-1.3485347
1000105,-5.890015
1000106,-7.807084
1000107,-6.3887706
1000108,-1.4647071
1000109,-6.3668914
1000110,-3.7104516
1000111,-2.0991092
1000112,-4.103593
1000113,-4.5126195
1000114,-1.4889343
1000115,-6.1299477
1000116,-5.7108455
1000117,-1.2286277
1000118,-4.7963176
1000119,-1.0891066
1000120,-1.9626483
1000121,-3.0821617
1000122,-3.8924341
1000123,-7.996374
1000124,-5.0338054
1000125,-6.0139294
1000126,-4.6125407
1000127,-5.2621675
1000128,-3.666994
1000129,-3.159974
1000130,0.07207318
1000131,-6.9444623
1000132,-7.611525
1000133,-5.890579
1000134,-6.725531
1000135,-7.3954635
1000136,-3.4856598
1000137,-2.8499675
1000138,-3.183381
1000139,-3.2424858
1000140,-1.8042831
1000141,-4.2818475
1000142,-7.59398
1000143,-3.7015657
1000144,-1.0741018
1000145,-4.387074
1000146,-2.3115382
1000147,-5.7827153
1000148,-4.4606633
1000149,-1.7927457
1000150,-6.7183075
1000151,-5.0915017
1000152,-2.0239859
1000153,-6.6531177
1000154,-2.084485
1000155,-0.45120087
1000156,-0.9499641
1000157,-2.13255
1000158,-1.1712573
1000159,-0.5035967
1000160,-0.7031635
1000161,-2.2426198
1000162,-7.742492
1000163,-6.9448
1000164,-5.157298
1000165,-0.30282658
1000166,-6.708998
1000167,-7.1209307
1000168,-4.302306
1000169,-4.702822
1000170,-7.5749593
1000171,-3.3990147
1000172,-2.1798508
1000173,-1.3645563
1000174,-6.180799
1000175,-5.5538764
1000176,-9.600436
1000177,-4.605156
1000178,-1.2646242
1000179,0.9034703
1000180,-3.5755475
1000181,-6.2581787
1000182,-2.6704
1000183,-7.90705
1000184,-6.355944
1000185,-1.0490898
1000186,-1.4689354
1000187,-3.588496
1000188,-6.094155
1000189,-2.994132
1000190,-3.1752105
1000191,-4.284195
1000192,-6.1683745
1000193,-4.25687
1000194,-1.6560509
1000195,-0.3427956
1000196,-4.6711607
1000197,-2.7234132
1000198,-0.21706988
1000199,-5.374394
1000200,-2.010108
1000201,-2.7970185
1000202,-4.456825
1000203,-3.504904
1000204,-9.309549
1000205,-7.3474994
1000206,-5.2239056
1000207,-2.2808223
1000208,-6.85279
1000209,-3.453247
1000210,-4.5472636
1000211,-5.864478
1000212,-8.099223
1000213,-5.644493
1000214,-6.063913
1000215,-3.3203044
1000216,-4.2661757
1000217,-0.9071688
1000218,-2.8157659
1000219,-5.2974787
1000220,-3.4662805
1000221,-1.9047954
1000222,-3.2287564
1000223,-1.1325021
1000224,-5.359915
1000225,-5.764387
1000226,-4.883027
1000227,-6.89037
1000228,-3.917621
1000229,-5.0575604
1000230,-3.4956741
1000231,-4.0543046
1000232,-8.502557
1000233,-4.2691545
1000234,-6.648276
1000235,-0.43638542
1000236,-7.658311
1000237,-5.616046
1000238,-3.3618112
1000239,-0.45745656
1000240,-1.0642827
1000241,-3.0840735
1000242,-3.3561525
1000243,-4.5612555
1000244,-9.522298
1000245,-7.6479516
1000246,-4.742814
1000247,-4.846017
1000248,-6.3039484
1000249,-4.5258145
1000250,-3.8645425
1000251,-6.9724765
1000252,-5.603638
1000253,-2.0004041
1000254,-4.9401965
1000255,-5.16126
1000256,-3.6431947
1000257,-6.3214307
1000258,-2.7604675
1000259,-3.0486996
1000260,-5.021065
1000261,-2.5346363
1000262,-2.7150338
1000263,-5.240187
1000264,-6.3451185
1000265,-3.3561203
1000266,-2.6442008
1000267,-4.8842454
1000268,-3.2460103
1000269,-4.6304913
1000270,-2.642128
1000271,-2.8247826
1000272,-4.419873
1000273,-0.13858978
1000274,-2.9263093
1000275,-3.6062179
1000276,-4.115009
1000277,-6.756303
1000278,-5.724557
1000279,-4.019792
1000280,-3.6153915
1000281,-4.0140758
1000282,-5.5577006
1000283,-6.7140756
1000284,-6.5021615
1000285,-1.9604433
1000286,-0.34329844
1000287,-8.492807
1000288,-1.6840503
1000289,-0.3761
1000290,-3.757135
1000291,-1.49538
1000292,-1.1671715
1000293,-2.0874338
1000294,-6.3821645
1000295,-6.2609243
1000296,-3.8924508
1000297,-2.7417269
1000298,-5.4781923
1000299,-7.8222094
1000300,-2.1915705
1000301,-7.1041794
1000302,-3.4185312
1000303,-4.8220468
1000304,-1.23161
1000305,-6.9361787
1000306,-6.7621107
1000307,-4.561784
1000308,-1.5617352
1000309,-2.19603
1000310,-0.5058399
1000311,-2.8559895
1000312,-1.7412152
1000313,-3.4805899
1000314,-4.747678
1000315,-1.4878901
1000316,-3.0470853
1000317,-1.8674592
1000318,-7.666797
1000319,-2.6237977
1000320,-5.442813
1000321,-2.1506343
1000322,-2.9919202
1000323,-4.10361
1000324,-5.2208233
1000325,-1.6194308
1000326,-4.378105
1000327,-3.8510654
1000328,-3.8299828
1000329,-7.0675006
1000330,-7.159283
1000331,-2.7576044
1000332,-6.8666844
1000333,-7.3791413
1000334,-2.967916
1000335,-4.342692
1000336,-5.6008134
1000337,-2.0631545
1000338,0.3460035
1000339,-0.67784864
1000340,-2.2673528
1000341,-2.8977146
1000342,-3.7392304
1000343,-6.2513165
1000344,-2.4845657
1000345,-6.1138587
1000346,-6.06853
1000347,-3.0268495
1000348,-3.636171
1000349,-3.6858923
1000350,-6.400398
1000351,-3.8967752
1000352,-6.100359
1000353,-3.4698563
1000354,-8.871239
1000355,-3.2920988
1000356,-4.1749954
1000357,-6.901374
1000358,-7.1231413
1000359,-6.797376
1000360,-0.4491814
1000361,-2.1856272
1000362,-1.1343417
1000363,-2.5949867
1000364,-4.3656087
1000365,-6.439744
1000366,-6.7702994
1000367,-3.4801729
1000368,-8.391536
1000369,-6.1453786
1000370,-6.679647
1000371,-1.6899071
1000372,-7.413382
1000373,-7.533402
1000374,-0.9991674
1000375,-6.53762
1000376,-1.6059359
1000377,-0.79909045
1000378,-1.6257309
1000379,-1.1085918
1000380,-5.4963336
1000381,-1.5377523
1000382,-3.6983943
1000383,-7.135112
1000384,-6.707253
1000385,-2.7664933
1000386,-6.9807596
1000387,-1.1133885
1000388,-6.870807
1000389,-7.71679
1000390,-3.4137251
1000391,-7.8842516
1000392,-4.7738576
1000393,-4.802981
1000394,-4.3805923
1000395,-3.7001548
1000396,-7.435719
1000397,-5.2921214
1000398,-4.5706296
1000399,-3.8317075
1000400,-2.4059007
1000401,-6.4389744
1000402,-10.169012
1000403,-3.1726701
1000404,-3.9875946
1000405,-4.4513273
1000406,-7.4067
1000407,-1.351313
1000408,-3.571173
1000409,-1.2627718
1000410,-4.0181766
1000411,-3.7541597
1000412,-3.9520981
1000413,-0.7143024
1000414,-7.4329967
1000415,-7.874305
1000416,-3.9505644
1000417,-0.43245405
1000418,-3.54696
1000419,-3.1126235
1000420,-4.3309727
1000421,-5.5134864
1000422,-5.580364
1000423,-6.298128
1000424,-5.6002684
1000425,-1.5773258
1000426,-7.365116
1000427,-6.494027
1000428,-2.5549278
1000429,-1.0365058
1000430,-0.91796935
1000431,-2.2060812
1000432,-1.5835867
1000433,-3.0519497
1000434,-7.153161
1000435,-0.97688395
1000436,-1.1095343
1000437,-6.6779737
1000438,-4.2603674
1000439,-3.3913367
1000440,-6.3149037
1000441,-3.3813815
1000442,-4.6891475
1000443,-5.8271856
1000444,-6.579085
1000445,-6.1361613
1000446,-2.2178895
1000447,-1.6963981
1000448,-5.3920703
1000449,-3.2812076
1000450,-5.909344
1000451,-4.66565
1000452,-4.6641054
1000453,-5.9980283
1000454,-3.6895957
1000455,-6.572548
1000456,-0.4079492
1000457,-3.7891564
1000458,-7.3936324
1000459,-4.6449413
1000460,0.71450204
1000461,-4.241497
1000462,-7.7487106
1000463,-4.7667017
1000464,-0.6012433
1000465,-2.4995942
1000466,-2.524589
1000467,-6.5515428
1000468,-3.5910947
1000469,-3.2883449
1000470,-0.6984587
1000471,-4.164278
1000472,-5.6881723
1000473,-3.3002102
1000474,-1.3941414
1000475,-7.2805257
1000476,-7.867627
1000477,-3.6250956
1000478,-2.0543578
1000479,-1.2290087
1000480,-3.6895785
1000481,-3.8812048
1000482,-6.037437
1000483,-2.8506193
1000484,-5.3210263
1000485,-5.5973883
1000486,-2.8883324
1000487,-7.707346
1000488,-6.931121
1000489,-0.40391207
1000490,-5.739082
1000491,-2.1870623
1000492,-3.454494
1000493,-5.4430118
1000494,-1.6836547
1000495,-4.935522
1000496,-6.288495
1000497,-3.7851737
1000498,-3.3846714
1000499,-2.2623246
1000500,-4.969279
1000501,-5.366017
1000502,-6.498229
1000503,-5.956676
1000504,-4.190883
1000505,-2.4672258
1000506,-5.7997246
1000507,-6.386182
1000508,-6.3793793
1000509,-8.20919
1000510,-4.0517597
1000511,-6.0565224
1000512,-7.3134384
1000513,-2.9804738
1000514,-3.2983968
1000515,-2.0623415
1000516,-1.9304676
1000517,-1.5797954
1000518,-9.503356
1000519,-1.0927339
1000520,-1.5119818
1000521,-6.512074
1000522,-4.415903
1000523,-5.000865
1000524,-2.8601785
1000525,-1.6508121
1000526,-1.0760356
1000527,-3.4025042
1000528,-3.7973146
1000529,-6.614942
1000530,-7.8432055
1000531,-2.0747917
1000532,-6.479158
1000533,-6.980984
1000534,-5.933153
1000535,-5.0702124
1000536,-5.503155
1000537,-7.61842
1000538,-6.65831
1000539,-1.8310038
1000540,-4.0570636
1000541,-6.8560815
1000542,-3.9907384
1000543,-3.977355
1000544,-8.003416
1000545,-0.8109363
1000546,-7.7626843
1000547,-5.3722935
1000548,-6.1181197
1000549,-4.352859
1000550,-6.931822
1000551,-4.3911343
1000552,-6.1584134
1000553,-6.6004863
1000554,-6.5392723
1000555,-3.1170645
1000556,-7.7592707
1000557,-4.804309
1000558,-4.1570845
1000559,-3.5559907
1000560,-0.4248082
1000561,-7.936309
1000562,-8.014096
1000563,-2.8638263
1000564,-6.52324
1000565,-4.0552745
1000566,-5.839337
1000567,-4.219778
1000568,-7.3566604
1000569,-1.8099352
1000570,-3.5126555
1000571,-3.1639469
1000572,-4.9727387
1000573,-3.556667
1000574,-5.1576905
1000575,-2.1121154
1000576,-3.6808288
1000577,0.57149774
1000578,-3.6191
1000579,1.3370637
1000580,-0.8669462
1000581,-6.61617
1000582,-4.0588417
1000583,-6.6919966
1000584,-2.926336
1000585,-6.8245993
1000586,-1.4173373
1000587,-5.364535
1000588,-4.572917
1000589,-5.3969855
1000590,-4.9530725
1000591,-2.8543692
1000592,-5.432795
1000593,-4.8975453
1000594,-1.7010021
1000595,-8.006994
1000596,-3.5214052
1000597,-3.5329556
1000598,-2.8814528
1000599,-1.4335272
1000600,-3.5755475
1000601,-3.0229368
1000602,-6.8459616
1000603,-2.7709806
1000604,-5.174101
1000605,-3.5975564
1000606,-5.2497654
1000607,-1.0734414
1000608,-1.8250636
1000609,-6.1317
1000610,-2.7909634
1000611,-1.6452457
1000612,-1.4815617
1000613,-6.352525
1000614,-4.8219833
1000615,-1.7600285
1000616,-2.6461923
1000617,-9.177006
1000618,-3.6745563
1000619,-6.694753
1000620,-5.6288285
1000621,-1.9370475
1000622,-6.8770056
1000623,-6.140094
1000624,-6.359988
1000625,-7.9742374
1000626,-1.7984643
1000627,-6.942538
1000628,-0.7405307
1000629,-2.7921
1000630,-0.9842854
1000631,-4.456409
1000632,-2.66934
1000633,-3.9085732
1000634,-4.36299
1000635,-3.688249
1000636,-1.9864916
1000637,-3.304127
1000638,-5.978958
1000639,-5.470005
1000640,-2.2629557
1000641,-6.4961944
1000642,-7.2522635
1000643,-5.2742853
1000644,-4.9055634
1000645,-3.6677425
1000646,-3.9372766
1000647,-3.3992937
1000648,-6.685072
1000649,-6.0126615
1000650,-5.464334
1000651,-8.150083
1000652,-3.8314567
1000653,-1.9650358
1000654,-2.9112997
1000655,-2.8047385
1000656,-1.6389654
1000657,-7.0240307
1000658,-2.985149
1000659,-3.7588024
1000660,-3.0645375
1000661,-6.256189
1000662,-6.7887807
1000663,-2.0574946
1000664,-4.198941
1000665,-6.3892536
1000666,-7.2147465
1000667,-3.3747761
1000668,-3.7431417
1000669,-4.617594
1000670,-2.2763598
1000671,-1.9625573
1000672,-3.8744514
1000673,-2.0038035
1000674,-6.6163173
1000675,-1.1478194
1000676,-5.0315843
1000677,-2.2793064
1000678,-4.983913
1000679,-5.5495706
1000680,-4.640758
1000681,-5.547875
1000682,-6.1889462
1000683,-1.116629
1000684,-1.5985988
1000685,-5.8544817
1000686,-2.010489
1000687,-7.3841715
1000688,-5.3472824
1000689,-9.093454
1000690,-6.110569
1000691,-3.599808
1000692,-4.701422
1000693,-3.6245527
1000694,-4.6110396
1000695,-4.8903594
1000696,-3.5678852
1000697,-7.9214153
1000698,-7.309233
1000699,-4.274206
1000700,-3.5208516
1000701,-0.6817878
1000702,-3.874297
1000703,-5.29698
1000704,-2.620536
1000705,-6.494383
1000706,-5.448968
1000707,-4.4373274
1000708,-6.1601276
1000709,-1.7421159
1000710,-6.471758
1000711,-6.7798357
1000712,-3.2178538
1000713,-4.742577
1000714,-3.5680401
1000715,-5.116106
1000716,-1.2921275
1000717,-4.2024775
1000718,-4.7007957
1000719,-4.8862157
1000720,-6.510692
1000721,-3.1316667
1000722,-5.018814
1000723,-6.125417
1000724,-2.3610988
1000725,-1.6181848
1000726,-3.2568314
1000727,-6.1548457
1000728,-8.080017
1000729,-3.4766731
1000730,-6.8170996
1000731,-3.0986087
1000732,-3.2774537
1000733,-3.7882903
1000734,-6.3320346
1000735,-2.751808
1000736,-5.1181407
1000737,-7.2638474
1000738,-8.130878
1000739,-4.5732803
1000740,-7.0252175
1000741,-7.466558
1000742,-1.6547359
1000743,-3.9634962
1000744,-8.47841
1000745,-6.989496
1000746,-2.2867584
1000747,-4.629532
1000748,-1.0956012
1000749,-7.4075465
1000750,-2.5683749
1000751,-1.999599
1000752,-4.940481
1000753,-8.390181
1000754,-1.2292428
1000755,-5.717524
1000756,-6.30413
1000757,-7.0685678
1000758,-4.5218897
1000759,-5.2986183
1000760,-2.6414309
1000761,-5.9641366
1000762,-4.966376
1000763,-0.5998313
1000764,-3.9302974
1000765,-3.5603385
1000766,-6.4641824
1000767,-0.95364434
1000768,-8.31423
1000769,-0.49371228
1000770,-6.752417
1000771,-2.5185082
1000772,-2.803139
1000773,-1.2929293
1000774,-6.0370493
1000775,-2.9673836
1000776,-2.5934508
1000777,-2.0814736
1000778,-3.6589277
1000779,-5.773263
1000780,-2.3471198
1000781,-3.6236057
1000782,-4.960204
1000783,-6.002054
1000784,-3.2034297
1000785,-2.4262505
1000786,-1.672999
1000787,-3.440153
1000788,-2.8370605
1000789,-3.6815596
1000790,-5.482045
1000791,-4.5920873
1000792,-2.5201178
1000793,-7.370315
1000794,-7.6276264
1000795,-2.513081
1000796,-6.2377276
1000797,-7.1621733
1000798,-1.8588318
1000799,-6.0706034
1000800,-3.5208738
1000801,-1.4790113
1000802,-3.6757722
1000803,-5.240981
1000804,-4.018394
1000805,-1.9838319
1000806,-1.6333518
1000807,-7.851278
1000808,-3.1052003
1000809,-5.21883
1000810,-3.746348
1000811,-5.4772463
1000812,-4.8782983
1000813,-3.809993
1000814,-5.656693
1000815,-4.8445406
1000816,-1.2831701
1000817,-4.4449673
1000818,-4.646769
1000819,-4.223828
1000820,-4.402012
1000821,-6.2141395
1000822,-5.332425
1000823,-2.0038035
1000824,-7.180156
1000825,-1.078549
1000826,-5.7491293
1000827,-3.7352226
1000828,-3.9983542
1000829,-3.0311978
1000830,-2.314899
1000831,-4.2690334
1000832,-10.751464
1000833,-1.7854838
1000834,-3.2076547
1000835,-8.080316
1000836,-2.0821662
1000837,-0.07641717
1000838,-4.414524
1000839,-8.668364
1000840,-4.6075277
1000841,-4.5895452
1000842,-4.9172926
1000843,0.10521323
1000844,-4.474175
1000845,-2.2909381
1000846,-6.6434627
1000847,-3.5756526
1000848,-4.4098563
1000849,-6.213039
1000850,-3.6974497
1000851,-3.0411074
1000852,-4.795606
1000853,-2.3263707
1000854,-4.611414
1000855,-3.812383
1000856,-6.1354103
1000857,0.6645049
1000858,-3.5088558
1000859,-1.860725
1000860,-7.384373
1000861,-3.0821424
1000862,-0.3170909
1000863,-8.2634535
1000864,-7.3978515
1000865,-1.6857553
1000866,-2.807215
1000867,-1.4960192
1000868,-7.9798074
1000869,-4.9272614
1000870,0.09751256
1000871,-2.3128283
1000872,-3.0163922
1000873,-5.330394
1000874,-6.8499365
1000875,-2.0230618
1000876,-2.5866644
1000877,-6.774429
1000878,-2.5742857
1000879,-7.062305
1000880,-4.2997923
1000881,-0.20952094
1000882,-0.97437257
1000883,-3.9090347
1000884,-6.642903
1000885,-1.0636413
1000886,-6.052904
1000887,-5.5731826
1000888,-6.516983
1000889,-5.004495
1000890,-0.596424
1000891,0.74107164
1000892,-6.934893
1000893,-2.1892033
1000894,-5.5018144
1000895,-6.33077
1000896,-3.283603
1000897,-6.9251513
1000898,-3.2961547
1000899,-3.654177
1000900,-4.2803206
1000901,-2.8550508
1000902,-0.10446037
1000903,-4.0239673
1000904,-6.961637
1000905,-6.9813714
1000906,-2.959635
1000907,-4.7080874
1000908,-2.508979
1000909,-7.3291464
1000910,-6.8938537
1000911,-1.7275604
1000912,-6.5885
1000913,-8.640774
1000914,-4.324949
1000915,-3.7637522
1000916,-3.4084525
1000917,-5.0587254
1000918,-2.5645957
1000919,-7.7778773
1000920,-0.90059024
1000921,-1.8656309
1000922,-6.1501374
1000923,-4.7576175
1000924,-5.6279483
1000925,-5.4004827
1000926,-5.8582597
1000927,-2.2917528
1000928,-3.823575
1000929,-3.663727
1000930,-4.8588862
1000931,-5.8992844
1000932,-5.4434
1000933,-2.0059483
1000934,-6.782303
1000935,-5.9091563
1000936,-0.2477011
1000937,-2.2946548
1000938,-1.5502515
1000939,-6.53495
1000940,-7.61876
1000941,-1.4124911
1000942,-5.541215
1000943,-5.4169173
1000944,-5.844674
1000945,-5.1724033
1000946,-5.8396797
1000947,-5.6917872
1000948,-7.253376
1000949,-3.4492965
1000950,-6.1041274
1000951,-5.956676
1000952,-2.7738466
1000953,-4.6862855
1000954,-5.200364
1000955,-2.8412752
1000956,-4.075143
1000957,-3.8901603
1000958,-0.8304596
1000959,-2.5172641
1000960,-6.442648
1000961,-3.5475466
1000962,-1.8188243
1000963,-1.8247515
1000964,-2.9004247
1000965,-8.260962
1000966,-3.7103133
1000967,-7.7388287
1000968,-4.7387557
1000969,-3.2852223
1000970,-1.1733595
1000971,-3.8590524
1000972,-0.9073894
1000973,-3.938944
1000974,-0.27896562
1000975,-6.7575474
1000976,-1.1654968
1000977,-7.1122537
1000978,-6.059528
1000979,-3.2591085
1000980,-2.481185
1000981,-3.5922804
1000982,-1.2654626
1000983,-3.5784423
1000984,-5.3760967
1000985,-7.920984
1000986,-6.740598
1000987,-3.2427719
1000988,-3.266448
1000989,-2.002284
1000990,-7.541465
1000991,-5.6311536
1000992,-2.3742476
1000993,-4.4218965
1000994,-2.5472853
1000995,-2.3380506
1000996,-6.960472
1000997,-7.0492644
1000998,-3.4533825
1000999,-1.7255543
1001000,-6.220051
1001001,0.28301644
1001002,-2.71953
1001003,-5.2628913
1001004,-5.047859
1001005,-3.2842171
1001006,-2.751094
1001007,-6.0167823
1001008,-1.3937657
1001009,-5.6965938
1001010,-2.3466964
1001011,-5.8201127
1001012,0.76940614
1001013,-2.135897
1001014,-3.1499608
1001015,-8.086439
1001016,-3.464733
1001017,-2.9046319
1001018,-1.8186061
1001019,-7.8923173
1001020,-0.9684051
1001021,-2.7231045
1001022,-3.3296642
1001023,-4.1912484
1001024,-1.0897484
1001025,-7.0630074
1001026,-4.0467343
1001027,-2.5903182
1001028,-1.3431439
1001029,-7.999586
1001030,-4.868522
1001031,-4.223054
1001032,-2.9421227
1001033,-6.310531
1001034,-2.7367187
1001035,-7.3767643
1001036,-4.0187798
1001037,-3.7192802
1001038,-1.530216
1001039,-7.5022173
1001040,-7.5982747
1001041,-8.671205
1001042,-3.9899957
1001043,-6.663909
1001044,-3.7130923
1001045,-6.130681
1001046,-3.1997998
1001047,-3.7997017
1001048,-3.5304594
1001049,-6.3749676
1001050,-6.7512646
1001051,-4.1356263
1001052,-1.2679191
1001053,-4.1010513
1001054,-1.670674
1001055,-3.4864516
1001056,-3.0438797
1001057,-3.8680763
1001058,-3.8146544
1001059,-8.887994
1001060,-7.931959
1001061,-2.0942166
1001062,-4.3284736
1001063,-4.5619965
1001064,-7.1467752
1001065,-5.7881927
1001066,-3.741137
1001067,-2.2217536
1001068,-6.135448
1001069,-2.6544597
1001070,-1.8529333
1001071,-4.8599906
1001072,-5.465216
1001073,-3.224837
1001074,-2.085199
1001075,-6.826478
1001076,-6.7538085
1001077,-7.6974397
1001078,-5.1890473
1001079,-2.0292141
1001080,-3.7704332
1001081,-3.8037817
1001082,-3.3892226
1001083,-3.8985524
1001084,-1.8257728
1001085,-3.7597215
1001086,-2.2837021
1001087,-1.0237505
1001088,-4.145407
1001089,-4.815197
1001090,-3.9431112
1001091,-6.720417
1001092,-5.295757
1001093,-4.560164
1001094,-3.8928883
1001095,-4.9230695
1001096,-6.190536
1001097,-5.8439684
1001098,-5.3582807
1001099,-0.67141664
1001100,-2.0918176
1001101,-8.302659
1001102,-6.5602746
1001103,-2.373983
1001104,-6.9673243
1001105,-1.9243871
1001106,-1.5663669
1001107,-2.2137532
1001108,-5.015922
1001109,-8.1581745
1001110,-1.087283
1001111,-0.21831556
1001112,-3.3608115
1001113,-2.7858632
1001114,-3.3776407
1001115,-4.0832148
1001116,-7.714046
1001117,-7.2526155
1001118,-2.7167242
1001119,-5.252492
1001120,-1.2022902
1001121,-7.580566
1001122,-5.7516093
1001123,-3.3087833
1001124,-7.3634825
1001125,-8.798998
1001126,-4.940612
1001127,-2.7604387
1001128,-3.7023716
1001129,-6.0318255
1001130,-5.3187485
1001131,-4.587711
1001132,-3.8643138
1001133,0.36670405
1001134,-3.484413
1001135,-3.223972
1001136,-5.220266
1001137,-3.6403418
1001138,-2.0463965
1001139,-1.5299591
1001140,-5.883355
1001141,-2.9134302
1001142,-4.239691
1001143,0.6293095
1001144,-4.898575
1001145,-0.788886
1001146,-3.963506
1001147,-3.496322
1001148,-0.40144408
1001149,-3.0904331
1001150,-5.1983666
1001151,-5.4399834
1001152,-8.039428
1001153,-2.5558074
1001154,-3.1642208
1001155,-5.964061
1001156,-6.8923182
1001157,-4.296714
1001158,-4.025653
1001159,-6.7360387
1001160,-2.579906
1001161,-5.9466753
1001162,-6.696327
1001163,-3.300839
1001164,-5.0397267
1001165,-6.9005566
1001166,-7.9181447
1001167,-3.9247575
1001168,-3.2920904
1001169,-4.2099023
1001170,-3.2919674
1001171,-1.7572547
1001172,-2.499046
1001173,-7.5402193
1001174,-0.85864097
1001175,-5.187916
1001176,-2.1271205
1001177,-1.6950619
1001178,-0.037408568
1001179,-3.4058864
1001180,-1.7886239
1001181,-6.2643766
1001182,-1.5044146
1001183,-4.1952515
1001184,-7.3554006
1001185,-1.5167
1001186,-7.335787
1001187,-3.1811013
1001188,-3.3779309
1001189,-0.7399945
1001190,-1.0622506
1001191,-2.800383
1001192,-7.833869
1001193,-7.3211203
1001194,-3.045808
1001195,-0.3152412
1001196,-6.8818965
1001197,-3.8945441
1001198,-2.313043
1001199,-2.3022447
1001200,-7.751851
1001201,-4.9695287
1001202,-4.4301
1001203,-2.5736318
1001204,-7.10329
1001205,-1.2072073
1001206,-3.0613823
1001207,-6.895809
1001208,-6.666068
1001209,-2.6486628
1001210,-0.74308664
1001211,-4.4291306
1001212,-3.5787032
1001213,-8.290963
1001214,-4.931541
1001215,-4.082222
1001216,1.1868054
1001217,-5.093462
1001218,-3.9703782
1001219,0.6024359
1001220,-3.237098
1001221,-1.0868562
1001222,-2.93373
1001223,-1.9350771
1001224,-3.2995608
1001225,-5.330803
1001226,-4.9203777
1001227,-1.3805331
1001228,-1.4485587
1001229,-7.192226
1001230,-6.945198
1001231,-4.627452
1001232,-3.1971889
1001233,-5.7989254
1001234,-0.7031635
1001235,-0.9496716
1001236,-4.749284
1001237,-5.0147057
1001238,-2.1117985
1001239,-4.3825917
1001240,-4.2820873
1001241,-2.9295416
1001242,-6.11235
1001243,-5.670458
1001244,-7.1657686
1001245,-6.39005
1001246,-4.9654994
1001247,-2.6223018
1001248,-4.508512
1001249,-2.783843
1001250,-2.7190716
1001251,-4.25367
1001252,-1.3378447
1001253,-2.89617
1001254,-4.5934553
1001255,-4.561598
1001256,-1.3058563
1001257,-4.770684
1001258,0.10915813
1001259,-2.4769006
1001260,-6.3835607
1001261,-4.1086473
1001262,-5.628792
1001263,-2.2842631
1001264,-3.6855783
1001265,-1.2496364
1001266,-5.7678595
1001267,0.92866385
1001268,-2.9629173
1001269,-1.7461152
1001270,-3.7453535
1001271,-4.1973176
1001272,-3.865284
1001273,-7.641988
1001274,-4.566623
1001275,-6.717171
1001276,-8.188013
1001277,-6.20487
1001278,-3.1569798
1001279,-1.8142563
1001280,-6.1456494
1001281,-3.367541
1001282,-1.8464339
1001283,-6.20291
1001284,-7.9361277
1001285,-3.2692358
1001286,-3.0350153
1001287,-1.9580971
1001288,-3.7305372
1001289,-7.759896
1001290,-2.0964484
1001291,-4.593533
1001292,-0.8063088
1001293,-2.7257526
1001294,-2.970895
1001295,-6.2040253
1001296,-4.084025
1001297,-3.2282085
1001298,-6.40237
1001299,-4.050443
1001300,-5.277686
1001301,-7.4284005
1001302,-2.9752636
1001303,-1.2549467
1001304,-3.9563
1001305,-5.3268876
1001306,-3.1299908
1001307,-4.9151883
1001308,-8.091436
1001309,-4.1905184
1001310,-1.8332713
1001311,-7.4443913
1001312,-0.67270863
1001313,-4.201986
1001314,-4.2640553
1001315,-4.883962
1001316,-7.3682365
1001317,-7.7926216
1001318,-5.353532
1001319,-5.541287
1001320,-5.705752
1001321,-2.8146684
1001322,-1.7206606
1001323,-2.323624
1001324,-2.4714108
1001325,-5.650213
1001326,-5.677342
1001327,-3.7358613
1001328,-7.1523504
1001329,-2.333844
1001330,-1.3427631
1001331,-2.09709
1001332,-6.3249035
1001333,-5.3122916
1001334,-4.62175
1001335,-3.271879
1001336,-3.8691664
1001337,-2.8890486
1001338,-7.0014114
1001339,-4.1303926
1001340,-1.6690388
1001341,-4.767843
1001342,-5.218483
1001343,-3.1994653
1001344,-2.6563377
1001345,-7.7899966
1001346,-3.6945891
1001347,-1.0219517
1001348,-7.840689
1001349,-4.754722
1001350,-4.740947
1001351,-6.237546
1001352,-6.372026
1001353,-2.998092
1001354,-1.9439338
1001355,-8.731631
1001356,-7.0303082
1001357,-3.6373441
1001358,-6.331768
1001359,-8.064878
1001360,-2.1925538
1001361,-7.091102
1001362,-5.9746714
1001363,-4.0737634
1001364,-5.7833304
1001365,-2.1398163
1001366,-4.1726737
1001367,-7.0699944
1001368,-4.855612
1001369,-5.2243137
1001370,-1.1080076
1001371,-5.796149
1001372,-3.7260945
1001373,-7.439906
1001374,-2.4665627
1001375,-8.168503
1001376,-6.481395
1001377,-2.1572807
1001378,-4.2593966
1001379,-3.437927
1001380,-2.868791
1001381,-3.511128
1001382,-2.9535322
1001383,-3.2982945
1001384,-5.9834604
1001385,-6.505284
1001386,-5.8747573
1001387,-5.5239477
1001388,-6.6918697
1001389,-6.463649
1001390,-3.9478335
1001391,-1.480461
1001392,-7.4423566
1001393,-4.324838
1001394,-4.908558
1001395,-4.2274437
1001396,-3.2994635
1001397,-5.1158347
1001398,-4.503775
1001399,-1.7856983
1001400,0.003782113
1001401,-5.7580504
1001402,-5.476309
1001403,-4.084088
1001404,-3.602378
1001405,-0.4236334
1001406,-4.883212
1001407,-3.3113267
1001408,-6.071957
1001409,-5.6904297
1001410,-3.6068518
1001411,-5.1288295
1001412,-2.3597915
1001413,-3.7960238
1001414,-1.2096987
1001415,-2.409056
1001416,-3.1497858
1001417,-5.6044517
1001418,-4.9319634
1001419,-7.1268196
1001420,-2.5811994
1001421,-7.005171
1001422,-3.328423
1001423,-5.5467267
1001424,-5.6558
1001425,-4.0438247
1001426,-4.3059926
1001427,-3.8376546
1001428,-3.193926
1001429,-2.2709599
1001430,-3.6906104
1001431,-2.137762
1001432,-3.5296843
1001433,-6.50323
1001434,-5.8973956
1001435,-5.032591
1001436,-4.3628798
1001437,-8.546348
1001438,-0.45017868
1001439,-3.6207175
1001440,-8.511355
1001441,-5.210755
1001442,-9.193941
1001443,-2.687182
1001444,-0.35954487
1001445,-5.5427003
1001446,-9.435051
1001447,-5.926834
1001448,-1.7951318
1001449,-1.1476383
1001450,-7.558671
1001451,-3.3858187
1001452,-5.942647
1001453,-1.5850015
1001454,-3.0662775
1001455,-8.097805
1001456,-1.8063209
1001457,-4.248215
1001458,-4.2921624
1001459,-3.6169782
1001460,-3.743047
1001461,-6.464229
1001462,-2.1037774
1001463,-2.3586159
1001464,-1.8899232
1001465,-7.3250747
1001466,-4.583455
1001467,-7.4423523
1001468,-3.2022898
1001469,-3.554171
1001470,-6.298558
1001471,-7.4770327
1001472,-1.5548722
1001473,-2.7739744
1001474,-4.015073
1001475,-3.0255961
1001476,-5.6099415
1001477,-5.2258277
1001478,-4.7945156
1001479,-1.2947222
1001480,-3.3180768
1001481,-3.5056205
1001482,-1.9573331
1001483,-8.369571
1001484,-5.436561
1001485,-4.7282987
1001486,-7.37102
1001487,-6.9865384
1001488,-2.6634767
1001489,-7.4321823
1001490,-4.534146
1001491,-4.2648144
1001492,-4.586227
1001493,-5.3551483
1001494,-1.8168116
1001495,-1.6969215
1001496,-5.176178
1001497,0.10354691
1001498,-3.1047037
1001499,-2.2636828
1001500,-3.399629
1001501,-4.282049
1001502,-4.6591315
1001503,-5.7693205
1001504,-5.7457447
1001505,-1.7375096
1001506,-5.459075
1001507,-4.637994
1001508,-3.1085753
1001509,-6.9038715
1001510,-1.931892
1001511,-6.406828
1001512,-4.925253
1001513,-6.0467696
1001514,-0.43918332
1001515,-4.855485
1001516,-2.5789142
1001517,-0.8436343
1001518,-4.0454893
1001519,-5.6168118
1001520,-3.1005378
1001521,-5.311403
1001522,2.2727244
1001523,-3.5546684
1001524,-1.2373189
1001525,-2.4210584
1001526,-2.65259
1001527,-5.015911
1001528,-4.873756
1001529,-5.6151133
1001530,-3.8599205
1001531,-7.1833763
1001532,-5.1215653
1001533,-4.1150093
1001534,-4.921656
1001535,-2.472638
1001536,0.07028013
1001537,-6.4117346
1001538,-6.118826
1001539,-6.9185967
1001540,-5.754301
1001541,-5.3274755
1001542,-5.6218405
1001543,-6.8133826
1001544,-5.1374793
1001545,-3.6122923
1001546,-4.6646085
1001547,-8.069647
1001548,-1.1411647
1001549,-6.1854835
1001550,-2.0130284
1001551,-6.0012827
1001552,-7.1822987
1001553,-1.3700044
1001554,-0.50526506
1001555,-6.0384603
1001556,-3.067547
1001557,-2.7858434
1001558,-4.986608
1001559,-2.9334474
1001560,-2.6339056
1001561,-1.3547902
1001562,-3.2093496
1001563,-2.2801352
1001564,-5.516711
1001565,-1.8151426
1001566,-4.8885946
1001567,-5.0677657
1001568,-4.8744655
1001569,-6.922412
1001570,-4.3713965
1001571,-3.0977678
1001572,-3.9323156
1001573,-4.3603272
1001574,-0.73868644
1001575,-8.439198
1001576,-2.6163948
1001577,-5.7832055
1001578,-6.2781568
1001579,-7.2323747
1001580,-8.044041
1001581,-6.119943
1001582,-6.585917
1001583,-2.299122
1001584,-4.4345927
1001585,-7.0068502
1001586,-2.4863634
1001587,-6.345621
1001588,-7.2472224
1001589,-4.0304074
1001590,-3.3290787
1001591,-7.8665433
1001592,-2.616871
1001593,-2.500079
1001594,-5.4347434
1001595,-5.1370792
1001596,-7.0766106
1001597,-1.837926
1001598,-4.2651005
1001599,-7.8355556
1001600,-0.9358297
1001601,-5.6553445
1001602,-3.7538028
1001603,-4.7657475
1001604,-5.300735
1001605,-3.1727104
1001606,-4.067121
1001607,-5.110098
1001608,-3.7646396
1001609,-5.027189
1001610,-5.894781
1001611,-5.0453153
1001612,-5.026922
1001613,-3.033133
1001614,-6.827247
1001615,-7.243437
1001616,-2.4658296
1001617,-3.802047
1001618,-4.2243414
1001619,-3.850134
1001620,-2.9112139
1001621,-6.481861
1001622,-0.6743389
1001623,-5.3557215
1001624,-3.9382658
1001625,-5.287551
1001626,-1.2399738
1001627,-3.9130437
1001628,-2.739684
1001629,-1.220206
1001630,-3.6739974
1001631,-4.5900526
1001632,-4.081717
1001633,-3.8703787
1001634,-2.2138414
1001635,-2.1752849
1001636,0.7094342
1001637,-3.8847687
1001638,-5.156318
1001639,-1.9411631
1001640,-3.974084
1001641,-5.341783
1001642,-0.1884055
1001643,-4.7491846
1001644,-5.3141274
1001645,-3.5700274
1001646,-3.0083165
1001647,-3.9064853
1001648,1.2675648
1001649,-7.5735493
1001650,-3.5567338
1001651,-4.2664948
1001652,-6.171581
1001653,-6.04794
1001654,-7.0426893
1001655,-1.3043492
1001656,-3.698343
1001657,-2.1908858
1001658,-7.3965497
1001659,-7.371819
1001660,-0.7847386
1001661,-5.2320986
1001662,0.079497024
1001663,-7.3625665
1001664,-9.022562
1001665,-7.6269746
1001666,-4.0481477
1001667,-5.7847586
1001668,-6.553823
1001669,-2.1799786
1001670,-2.0919254
1001671,-5.4220967
1001672,-1.9750242
1001673,-5.7597933
1001674,-7.5472913
1001675,-2.9355907
1001676,-6.958543
1001677,-7.5900936
1001678,-5.1740904
1001679,-3.2617123
1001680,-4.8173165
1001681,-3.2981708
1001682,-5.3636146
1001683,-6.7163563
1001684,-4.9036174
1001685,-6.7568417
1001686,-1.0879138
1001687,-3.1808422
1001688,-1.00295
1001689,-2.500394
1001690,-4.4981804
1001691,-7.7509975
1001692,-8.408966
1001693,-7.6730137
1001694,-3.0554447
1001695,-7.745017
1001696,-2.5531855
1001697,-4.6762037
1001698,-6.3120246
1001699,-5.601473
1001700,-3.0692797
1001701,-1.547988
1001702,-6.0508575
1001703,-7.6475763
1001704,-2.7445626
1001705,-6.3743796
1001706,-4.237157
1001707,-4.126222
1001708,-5.834524
1001709,-3.2386246
1001710,-2.4564388
1001711,-3.2719243
1001712,-4.991716
1001713,-2.4505095
1001714,0.87547255
1001715,-3.659811
1001716,-0.86272526
1001717,0.28195363
1001718,-3.9707034
1001719,-4.237124
1001720,-0.8810711
1001721,-2.6000388
1001722,-3.3233883
1001723,-4.3364377
1001724,-5.0971017
1001725,-6.006169
1001726,-7.357181
1001727,-2.8725178
1001728,-1.8984152
1001729,-4.7781763
1001730,-2.415344
1001731,-4.106349
1001732,0.35490543
1001733,-6.901566
1001734,-2.8918786
1001735,-7.488524
1001736,-7.976718
1001737,-0.9826189
1001738,-4.668769
1001739,-6.753627
1001740,-4.542536
1001741,-9.095279
1001742,-4.3415074
1001743,-2.394955
1001744,-2.6683605
1001745,-5.9921613
1001746,-2.1459856
1001747,-5.005719
1001748,-2.7700245
1001749,-2.677968
1001750,-7.81032
1001751,-6.5234804
1001752,-5.389138
1001753,-3.916655
1001754,-5.7185364
1001755,-8.010593
1001756,-2.6217034
1001757,-6.290383
1001758,-6.8310857
1001759,-4.7519317
1001760,-3.6333015
1001761,-4.1164565
1001762,-7.7374997
1001763,-2.11786
1001764,-7.070175
1001765,-4.059571
1001766,-6.5506897
1001767,-6.20264
1001768,-3.8498378
1001769,-4.713242
1001770,-7.0016584
1001771,-7.09789
1001772,-5.379965
1001773,-4.7916675
1001774,-1.7458676
1001775,-6.5159554
1001776,1.285259
1001777,-7.0073943
1001778,-3.4765196
1001779,-4.563289
1001780,-1.6640935
1001781,-6.006865
1001782,-0.047609095
1001783,-7.1822114
1001784,-3.567488
1001785,-0.6522071
1001786,-5.8050895
1001787,-2.5851705
1001788,-2.2288048
1001789,1.279406
1001790,-7.096371
1001791,-3.6083672
1001792,-5.0400567
1001793,-2.4960115
1001794,-6.8557568
1001795,-3.2670243
1001796,-5.479624
1001797,-2.9934878
1001798,-6.36817
1001799,-4.0128655
1001800,-4.3600626
1001801,-6.542289
1001802,-7.9496503
1001803,0.07866562
1001804,-4.421823
1001805,-4.712978
1001806,-6.5625067
1001807,-3.1224506
1001808,-4.0879755
1001809,-5.9216948
1001810,-1.6691003
1001811,-3.4346936
1001812,-6.3101635
1001813,-3.0541952
1001814,-6.115919
1001815,-2.1862097
1001816,-2.7706156
1001817,-3.864078
1001818,-5.439727
1001819,-1.6035295
1001820,-7.2274346
1001821,-7.3807774
1001822,-2.1884592
1001823,-5.5062957
1001824,-3.2449677
1001825,-3.5719078
1001826,-3.9993038
1001827,-5.206292
1001828,-1.6196775
1001829,-3.7682648
1001830,-7.6077795
1001831,-3.8158398
1001832,-2.6138825
1001833,-2.5708034
1001834,-2.8048146
1001835,1.0212483
1001836,-2.0014946
1001837,-4.3012724
1001838,-4.7877293
1001839,-3.951941
1001840,-1.5323552
1001841,-6.4284925
1001842,-0.9775036
1001843,-6.910009
1001844,-1.9221841
1001845,-6.796233
1001846,-4.1924763
1001847,-6.9915156
1001848,-7.2279015
1001849,-7.471276
1001850,-2.6540623
1001851,-8.5212755
1001852,-6.763377
1001853,-7.4155235
1001854,-7.97791
1001855,-3.6453614
1001856,-5.3497777
1001857,-4.872705
1001858,-6.646234
1001859,-5.82772
1001860,-3.5422204
1001861,-6.113636
1001862,-3.8989685
1001863,-5.8460364
1001864,-4.8468394
1001865,-3.7048848
1001866,-8.343103
1001867,-5.807383
1001868,-0.7048024
1001869,-4.279721
1001870,-2.6125872
1001871,-6.773084
1001872,-4.0877366
1001873,-4.1905174
1001874,-8.900603
1001875,-4.7637215
1001876,-2.704501
1001877,-3.5393994
1001878,-1.9725366
1001879,-7.6693788
1001880,-4.8321567
1001881,-7.3661947
1001882,-4.9285417
1001883,-3.9871242
1001884,-1.3903306
1001885,-9.013384
1001886,-6.783142
1001887,-4.753696
1001888,-3.609366
1001889,-3.2592695
1001890,-8.195092
1001891,-3.8534522
1001892,-7.9243207
1001893,-6.8972907
1001894,-2.679314
1001895,-2.8014965
1001896,-4.8759127
1001897,-6.4789023
1001898,-3.9262238
1001899,-6.0818453
1001900,-1.5856053
1001901,-1.7279941
1001902,-3.2273629
1001903,-3.807577
1001904,-8.245855
1001905,-3.7289395
1001906,-7.230852
1001907,-2.1446636
1001908,-1.9850383
1001909,-0.3642329
1001910,-3.252968
1001911,-4.787421
1001912,-5.9551864
1001913,-0.73599255
1001914,-6.139975
1001915,-6.974472
1001916,-5.9186316
1001917,-5.8601093
1001918,-4.9641404
1001919,-2.7572408
1001920,-8.803946
1001921,-2.55294
1001922,-1.2340221
1001923,-5.9834313
1001924,-5.613548
1001925,-4.791804
1001926,-2.7796412
1001927,-6.3612866
1001928,-6.6690025
1001929,-4.1079073
1001930,-6.425082
1001931,-2.7235713
1001932,-5.926289
1001933,-4.102272
1001934,-4.5232005
1001935,-0.4516749
1001936,-3.9088502
1001937,-2.7620811
1001938,-0.8177987
1001939,-4.4436784
1001940,-4.691491
1001941,-1.4826022
1001942,-6.9957824
1001943,-5.095761
1001944,-6.3452415
1001945,-7.5436425
1001946,-6.3838763
1001947,-4.785277
1001948,-2.616859
1001949,-7.566074
1001950,-4.731739
1001951,-5.4733553
1001952,-2.5954244
1001953,-3.2042513
1001954,-6.607579
1001955,-2.9307406
1001956,-3.405263
1001957,-3.5290873
1001958,-7.893768
1001959,-0.9834307
1001960,-0.9422866
1001961,-2.308531
1001962,-2.762209
1001963,-5.275275
1001964,-7.021296
1001965,-0.4217885
1001966,-2.2420213
1001967,-2.703723
1001968,-1.2557592
1001969,-1.7426877
1001970,-1.574314
1001971,-8.589184
1001972,-2.52175
1001973,-3.0988133
1001974,-5.101273
1001975,-3.748675
1001976,-6.6363115
1001977,-6.0481114
1001978,-0.21990958
1001979,-6.4662786
1001980,-1.3531339
1001981,-0.20202719
1001982,-6.87686
1001983,-4.5667806
1001984,-2.7613764
1001985,-7.74032
1001986,-6.171164
1001987,-3.6586027
1001988,-5.163304
1001989,-6.305849
1001990,-5.9322567
1001991,-7.384373
1001992,-3.5986528
1001993,-1.6682758
1001994,-5.9576173
1001995,-2.7036045
1001996,-6.484531
1001997,-6.8877153
1001998,-6.2549567
1001999,-2.9394019
1002000,-1.0896158
1002001,-4.797654
1002002,-6.585577
1002003,-3.0818987
1002004,-4.3921995
1002005,-5.290038
1002006,-5.5648565
1002007,-2.2340066
1002008,-1.5492275
1002009,-7.620685
1002010,-4.1177764
1002011,-4.90156
1002012,-4.481131
1002013,-6.1514378
1002014,-1.7365131
1002015,0.26206324
1002016,-4.5969214
1002017,-3.103391
1002018,-3.07357
1002019,0.51174116
1002020,-5.1951127
1002021,-7.0696974
1002022,-2.857738
1002023,-2.2697928
1002024,-6.245694
1002025,-2.9091763
1002026,-4.8709435
1002027,-7.6520967
1002028,-4.612269
1002029,-8.689326
1002030,-2.2534916
1002031,-5.1068373
1002032,-3.1172435
1002033,-2.457155
1002034,-2.5885897
1002035,-2.5571547
1002036,-5.5674276
1002037,-0.60803825
1002038,-7.496419
1002039,-7.4820347
1002040,-2.9000843
1002041,-4.115131
1002042,-2.319619
1002043,-5.917842
1002044,-5.9490213
1002045,-2.007848
1002046,-1.2489258
1002047,-1.8925244
1002048,-7.5618496
1002049,-2.1203108
1002050,-2.7067184
1002051,-3.1253352
1002052,-5.0658016
1002053,-1.9148465
1002054,-2.2792432
1002055,-5.571764
1002056,-8.309603
1002057,-2.419097
1002058,-4.06554
1002059,-5.6983037
1002060,-5.8516293
1002061,-4.0091558
1002062,-5.8567753
1002063,-5.4805136
1002064,-5.1609716
1002065,-0.047742866
1002066,-3.0115566
1002067,-3.505348
1002068,-3.0162024
1002069,-5.83378
1002070,-4.1855397
1002071,-0.00011406717
1002072,-3.6037314
1002073,-3.6030192
1002074,-4.555657
1002075,-3.2196667
1002076,-4.7124314
1002077,-4.76072
1002078,-3.8433738
1002079,-4.0798454
1002080,-8.948318
1002081,-0.033356898
1002082,-7.426273
1002083,-3.7075837
1002084,-5.411875
1002085,-5.3452306
1002086,-2.2031066
1002087,-7.8744392
1002088,-2.9627776
1002089,-4.3862996
1002090,-4.198755
1002091,-2.7633643
1002092,-5.4626994
1002093,-3.1511242
1002094,-4.255798
1002095,-5.890555
1002096,-1.7833028
1002097,-6.275196
1002098,-8.123006
1002099,-7.1178064
1002100,-6.8275127
1002101,-2.9539604
1002102,-4.827061
1002103,-4.721062
1002104,-5.3309865
1002105,-5.5359287
1002106,-3.7412553
1002107,-3.4319015
1002108,-5.2445045
1002109,-3.3662095
1002110,-5.9166894
1002111,-4.0492697
1002112,-7.41897
1002113,-7.7904563
1002114,-2.1497016
1002115,-4.7398486
1002116,-5.6755724
1002117,-4.097715
1002118,-4.1720514
1002119,-8.281078
1002120,-3.0056736
1002121,-5.8853135
1002122,-0.4322828
1002123,-7.1383476
1002124,-2.190416
1002125,-1.4246612
1002126,-1.1629323
1002127,-5.652582
1002128,-2.6327739
1002129,-3.4840555
1002130,-3.7205791
1002131,-6.051356
1002132,-3.7697122
1002133,-1.7229825
1002134,-3.926229
1002135,-3.2926579
1002136,-3.682202
1002137,-2.374737
1002138,-1.9313353
1002139,-3.59183
1002140,-5.0398016
1002141,-5.564869
1002142,-2.2563767
1002143,-2.775975
1002144,-4.4090977
1002145,-3.9802964
1002146,-4.4024434
1002147,-4.3223367
1002148,-6.199015
1002149,-0.9387148
1002150,-4.8430676
1002151,-5.9002247
1002152,-2.296612
1002153,-4.0959177
1002154,-1.7514043
1002155,-9.878382
1002156,-2.4932508
1002157,-1.5632308
1002158,-7.164189
1002159,-0.6275724
1002160,0.69337416
1002161,-6.345854
1002162,-3.6375122
1002163,-3.3270955
1002164,-3.6139529
1002165,-4.195624
1002166,-5.2390504
1002167,-5.914197
1002168,-4.2761416
1002169,-7.777698
1002170,-2.7980058
1002171,-6.5763445
1002172,-3.192818
1002173,-6.6363397
1002174,-3.6958241
1002175,-4.1604357
1002176,-5.108435
1002177,-4.129519
1002178,-3.9081616
1002179,-3.9887154
1002180,-4.2327805
1002181,-0.3845857
1002182,-4.784903
1002183,-5.0035257
1002184,-5.1288176
1002185,-4.6918154
1002186,-1.8093299
1002187,-4.462242
1002188,-5.4913263
1002189,-4.9899206
1002190,0.36375844
1002191,-7.379388
1002192,-8.584515
1002193,-2.0428474
1002194,-5.814485
1002195,-5.031386
1002196,-4.913764
1002197,-2.955609
1002198,-2.2714117
1002199,-8.039003
1002200,-4.156712
1002201,-2.6977563
1002202,-1.8193835
1002203,-1.6137575
1002204,-5.749125
1002205,-6.8389864
1002206,-4.714994
1002207,-2.0447204
1002208,-3.1356385
1002209,-5.110378
1002210,-5.7142644
1002211,-2.8681724
1002212,-4.6570983
1002213,-6.4667897
1002214,-3.106279
1002215,-0.19644332
1002216,-0.23168266
1002217,-1.8568178
1002218,-6.2780514
1002219,-4.194029
1002220,-6.4345293
1002221,-3.5196261
1002222,-3.167116
1002223,-3.147525
1002224,-5.2438083
1002225,-3.7301176
1002226,-6.371031
1002227,-4.978905
1002228,-6.7319636
1002229,-4.807809
1002230,-2.5188718
1002231,-2.8868222
1002232,-4.583697
1002233,-2.2152224
1002234,-3.5477703
1002235,-5.6238055
1002236,-2.9440475
1002237,-2.3223865
1002238,-4.065498
1002239,-2.8380225
1002240,-5.5134196
1002241,-6.1662407
1002242,-7.8543954
1002243,-2.9066064
1002244,-4.0228305
1002245,-5.5470467
1002246,-4.911654
1002247,-6.524819
1002248,-3.401129
1002249,-1.3881309
1002250,-7.6562357
1002251,-6.2440786
1002252,-6.026214
1002253,-2.3455238
1002254,-1.2603732
1002255,-1.5587307
1002256,-1.52486
1002257,-2.6638095
1002258,-8.739204
1002259,-5.2034793
1002260,-3.0110643
1002261,-6.4310436
1002262,-2.609878
1002263,-5.2725244
1002264,-3.7964375
1002265,-6.6465297
1002266,-3.1719718
1002267,-2.4811418
1002268,-6.971269
1002269,-1.9729847
1002270,-0.67564476
1002271,-5.5096936
1002272,-3.1646607
1002273,-2.0335374
1002274,-6.7927575
1002275,-1.7316417
1002276,-7.002706
1002277,-3.7096927
1002278,-4.0808825
1002279,-4.453364
1002280,-3.8663743
1002281,-4.275673
1002282,-6.1017623
1002283,-0.4129847
1002284,-6.4582596
1002285,-2.2040505
1002286,-3.3082433
1002287,-6.6310086
1002288,-7.438474
1002289,-7.8966966
1002290,-3.2936401
1002291,-1.2288346
1002292,-7.3280725
1002293,-2.5331218
1002294,-1.5237108
1002295,-4.908756
1002296,0.5794612
1002297,-2.8128548
1002298,-6.4023933
1002299,-3.252931
1002300,-4.9687233
1002301,-2.2794418
1002302,-1.8166131
1002303,-7.1034617
1002304,-7.371567
1002305,-4.0175905
1002306,-3.8257625
1002307,-3.117423
1002308,-0.67670995
1002309,-5.387011
1002310,-7.0634713
1002311,-4.2094436
1002312,-5.956676
1002313,-4.189813
1002314,-4.7483354
1002315,-8.1926565
1002316,-3.7100172
1002317,-4.731848
1002318,-5.79941
1002319,-3.0212228
1002320,-2.3117933
1002321,-6.2835355
1002322,-6.061817
1002323,-6.4920034
1002324,-6.0213766
1002325,-4.550236
1002326,-6.016247
1002327,-4.5400395
1002328,-9.320881
1002329,-5.0371294
1002330,-7.6493535
1002331,-2.6796134
1002332,-2.7706156
1002333,-4.1322136
1002334,-1.900972
1002335,-1.6446332
1002336,-6.3172836
1002337,-4.1612806
1002338,1.7974522
1002339,-1.3260984
1002340,-3.7749035
1002341,-4.32888
1002342,-3.8633053
1002343,-5.5323577
1002344,-8.284017
1002345,-4.112401
1002346,-2.865743
1002347,-6.452382
1002348,-1.4183394
1002349,-6.121896
1002350,-7.4528265
1002351,-6.2712936
1002352,-3.4155278
1002353,-3.9001079
1002354,-0.68473047
1002355,-2.1296213
1002356,-2.8168309
1002357,-3.814394
1002358,-2.578556
1002359,-3.7827048
1002360,-6.435973
1002361,-2.6007469
1002362,-3.875152
1002363,-2.609025
1002364,-4.220104
1002365,-2.141691
1002366,-6.0819144
1002367,-6.8202224
1002368,-5.537669
1002369,-6.398762
1002370,-1.2588892
1002371,-4.7033896
1002372,0.2951948
1002373,-7.8145986
1002374,-4.9939637
1002375,-0.7557977
1002376,-8.365144
1002377,-6.965259
1002378,-3.7776484
1002379,-2.939359
1002380,-3.4013586
1002381,-5.9907837
1002382,-5.9040294
1002383,-3.8531408
1002384,-4.5037313
1002385,-7.00328
1002386,-4.2120376
1002387,-7.394456
1002388,-3.5502691
1002389,-3.9067655
1002390,-3.8401704
1002391,-7.725338
1002392,-3.5967906
1002393,-6.5133414
1002394,-1.0454314
1002395,-3.456746
1002396,-8.878147
1002397,-5.412578
1002398,-4.261269
1002399,-6.463768
1002400,-0.9135104
1002401,-1.7934483
1002402,-6.6394196
1002403,-7.77889
1002404,-2.5239663
1002405,-4.6732364
1002406,-2.2452092
1002407,-3.8515651
1002408,-6.3640094
1002409,-4.313197
1002410,-2.7747898
1002411,-2.035688
1002412,-4.229909
1002413,-6.9897165
1002414,-3.579874
1002415,-6.12072
1002416,-1.3381377
1002417,-1.9037553
1002418,-3.7151484
1002419,-4.8926187
1002420,-4.56715
1002421,-4.392949
1002422,-4.3562045
1002423,-5.764714
1002424,-4.199249
1002425,-6.328614
1002426,-5.598447
1002427,-7.438928
1002428,-1.4647794
1002429,-7.551299
1002430,-5.368253
1002431,-6.3840446
1002432,-3.8286257
1002433,-2.3757675
1002434,-8.466195
1002435,-7.124543
1002436,-2.0281339
1002437,-6.5979805
1002438,-1.3619353
1002439,-6.224864
1002440,-5.292392
1002441,-2.6981897
1002442,-2.323964
1002443,-1.8339614
1002444,-7.5491695
1002445,-1.6394465
1002446,-4.111341
1002447,-7.1383476
1002448,-6.4442043
1002449,-2.030501
1002450,-4.065284
1002451,-6.41671
1002452,-8.933631
1002453,-5.487327
1002454,-4.988965
1002455,-6.2529945
1002456,-3.8002625
1002457,-1.3855746
1002458,-4.6917753
1002459,-3.6193378
1002460,-2.722189
1002461,-5.9512954
1002462,-4.7350874
1002463,-4.2584615
1002464,-1.0433327
1002465,-5.0342107
1002466,-1.8549831
1002467,-3.1248624
1002468,-1.9717827
1002469,-6.6553216
1002470,-4.0706086
1002471,-5.446169
1002472,-2.1212146
1002473,-3.4864857
1002474,-3.7466943
1002475,-5.1707335
1002476,-0.8696821
1002477,-4.7537627
1002478,-0.83410186
1002479,-4.992171
1002480,-4.0580707
1002481,-1.905234
1002482,-3.4016874
1002483,-3.6920586
1002484,-2.4204273
1002485,-2.6580923
1002486,-4.228269
1002487,-0.87801594
1002488,-2.9116755
1002489,-5.5211644
1002490,-7.814822
1002491,-6.5312686
1002492,-3.9436991
1002493,-0.51427263
1002494,-3.364415
1002495,-5.0806146
1002496,-1.6584947
1002497,-4.5714664
1002498,-2.7528641
1002499,-8.228253
1002500,-8.098406
1002501,0.6955617
1002502,-6.2860603
1002503,-1.2234225
1002504,-3.4012463
1002505,-2.167999
1002506,-5.3241234
1002507,-5.2833548
1002508,-4.980618
1002509,-0.37451982
1002510,-2.4390686
1002511,-6.561949
1002512,-1.163786
1002513,-2.0447986
1002514,-5.97424
1002515,-3.199908
1002516,-6.401221
1002517,-0.5825949
1002518,-1.7481176
1002519,-3.5545118
1002520,-0.81192416
1002521,-4.8187046
1002522,-3.0911908
1002523,-3.8807297
1002524,-5.148164
1002525,-6.2393527
1002526,-8.475175
1002527,-8.896672
1002528,-5.231922
1002529,-2.041556
1002530,-1.5222878
1002531,-1.8312287
1002532,-3.8700078
1002533,-6.4029374
1002534,-7.148649
1002535,-5.890387
1002536,-2.315839
1002537,-4.9797845
1002538,-3.1569798
1002539,-3.6784356
1002540,-5.9597974
1002541,-0.3765526
1002542,-7.79078
1002543,-6.426054
1002544,-2.904512
1002545,-0.7590543
1002546,-7.0367794
1002547,-3.973685
1002548,-6.0292115
1002549,-3.674044
1002550,-4.474937
1002551,-7.550037
1002552,-3.5504372
1002553,-5.4131017
1002554,-2.6486843
1002555,-4.0771756
1002556,-2.839839
1002557,-3.4931567
1002558,-4.4234805
1002559,-6.261194
1002560,-2.7694821
1002561,-4.5844126
1002562,0.6749096
1002563,-1.6384925
1002564,-3.5556264
1002565,-4.4240212
1002566,-1.1898155
1002567,-5.2865067
1002568,-6.327547
1002569,-7.1390424
1002570,-3.8028336
1002571,-1.1274465
1002572,-4.609546
1002573,-5.3029304
1002574,-2.259071
1002575,-5.8267903
1002576,-3.0471184
1002577,-4.725657
1002578,-5.8720093
1002579,-0.27123976
1002580,-5.707297
1002581,-5.0282125
1002582,-1.910943
1002583,-7.6058125
1002584,-6.795645
1002585,-2.8400261
1002586,-5.5200233
1002587,-4.7509804
1002588,-2.1918104
1002589,-5.784594
1002590,-4.2890244
1002591,-6.161383
1002592,-6.5958486
1002593,-7.277379
1002594,-2.6745145
1002595,-3.9904685
1002596,-2.2686226
1002597,-6.950631
1002598,-3.812967
1002599,-4.903155
1002600,-5.103115
1002601,-1.8029194
1002602,-7.2369695
1002603,-6.237058
1002604,-6.7765365
1002605,-3.1005306
1002606,-7.3532033
1002607,-1.1873006
1002608,-2.8031507
1002609,-5.6726537
1002610,-4.188206
1002611,-3.2486408
1002612,-6.6640034
1002613,-3.3692632
1002614,-3.4004304
1002615,-2.0649774
1002616,-1.8509628
1002617,-6.601215
1002618,-1.972132
1002619,-2.3632646
1002620,-3.4155653
1002621,-1.1521968
1002622,-5.097652
1002623,-6.4853096
1002624,-3.6290176
1002625,-3.3445249
1002626,0.2738011
1002627,-6.6544604
1002628,-6.9648795
1002629,-7.9149914
1002630,-4.268529
1002631,-3.21189
1002632,-8.616386
1002633,-4.2443433
1002634,-1.0323989
1002635,-0.7542534
1002636,-6.2551575
1002637,-4.157609
1002638,-0.7416961
1002639,-5.586704
1002640,-7.6341333
1002641,-7.81153
1002642,-3.3380122
1002643,-3.5737083
1002644,-3.6987216
1002645,-6.1170344
1002646,-1.6720992
1002647,-0.62442434
1002648,-5.187985
1002649,-1.4678202
1002650,-2.6100998
1002651,-2.5343587
1002652,-7.79078
1002653,-0.836453
1002654,-2.3859563
1002655,-4.066389
1002656,-6.969184
1002657,-8.286558
1002658,-7.690951
1002659,-4.274531
1002660,-3.6021233
1002661,-5.00647
1002662,-5.685534
1002663,-3.5133102
1002664,-2.0200486
1002665,-7.421621
1002666,-7.9915204
1002667,-3.2607286
1002668,-3.0627916
1002669,-6.4941936
1002670,-1.5354893
1002671,-4.8139052
1002672,-1.5104392
1002673,-2.5387897
1002674,-3.9773967
1002675,-5.1918273
1002676,-0.15059982
1002677,-4.0933814
1002678,-8.145785
1002679,-3.1978097
1002680,-4.5463185
1002681,-3.321394
1002682,-9.861817
1002683,-4.8215823
1002684,-5.586945
1002685,1.6635373
1002686,-6.813426
1002687,-6.0808773
1002688,-0.5319375
1002689,-2.0641007
1002690,1.5724328
1002691,-6.270017
1002692,-7.612842
1002693,-6.1098647
1002694,-3.298193
1002695,-4.5855527
1002696,-1.9510454
1002697,-6.4274607
1002698,-6.450071
1002699,-9.285975
1002700,-6.542553
1002701,-3.2640965
1002702,-4.110621
1002703,0.9379195
1002704,-5.943296
1002705,-5.3170433
1002706,-4.117832
1002707,-7.689709
1002708,-6.899187
1002709,-0.7530741
1002710,-1.5288854
1002711,-7.651192
1002712,-6.239085
1002713,-2.057499
1002714,-2.4611187
1002715,2.2183404
1002716,-7.7384615
1002717,0.60540193
1002718,-6.2279935
1002719,-5.369268
1002720,-2.213218
1002721,-8.225744
1002722,-3.0848248
1002723,-7.1244473
1002724,-3.2786067
1002725,-6.845676
1002726,-2.931838
1002727,0.8557074
1002728,-0.21457969
1002729,-4.4875
1002730,-7.1782436
1002731,-4.5365324
1002732,-6.432399
1002733,-5.14525
1002734,-2.985127
1002735,-5.2310114
1002736,-1.6956301
1002737,-2.1701226
1002738,-1.8017728
1002739,-5.7127595
1002740,-2.9584696
1002741,-5.130783
1002742,-7.390974
1002743,-4.08234
1002744,-2.9805233
1002745,-1.4978373
1002746,-3.644737
1002747,-1.5117285
1002748,-4.9646177
1002749,-1.7936156
1002750,-2.5148656
1002751,-1.1960031
1002752,-6.08412
1002753,-7.666056
1002754,-8.073966
1002755,-1.722832
1002756,-4.7469587
1002757,-3.9655263
1002758,-3.06372
1002759,-6.375447
1002760,-2.9308498
1002761,-6.2525578
1002762,-3.4932737
1002763,-2.889882
1002764,-6.1949086
1002765,-3.968321
1002766,-2.9085505
1002767,-6.960019
1002768,-4.1046534
1002769,-1.1172352
1002770,-6.2322307
1002771,-0.48987982
1002772,-6.3414574
1002773,-3.343349
1002774,-1.4780875
1002775,-3.870581
1002776,-1.4630382
1002777,-6.844863
1002778,-1.8191365
1002779,-1.9626814
1002780,-5.100291
1002781,-4.370793
1002782,-6.1234756
1002783,-7.559681
1002784,-4.882644
1002785,-2.2882533
1002786,-7.8328094
1002787,-5.7960753
1002788,0.8214427
1002789,-3.3650558
1002790,-7.8788395
1002791,-3.175986
1002792,-6.0561633
1002793,-4.868859
1002794,-6.895657
1002795,-7.28874
1002796,-4.9009676
1002797,-6.04794
1002798,-6.6247573
1002799,-7.2870855
1002800,-0.64436746
1002801,-3.9242752
1002802,-6.1402035
1002803,-4.5253296
1002804,-4.2478805
1002805,-3.9210021
1002806,-5.603851
1002807,-5.975914
1002808,-7.9403667
1002809,-1.0364065
1002810,-6.012327
1002811,-4.026564
1002812,-3.3176365
1002813,-3.5364814
1002814,-0.7725045
1002815,-1.6132574
1002816,-4.2944098
1002817,-7.220084
1002818,-2.1323833
1002819,-1.0916846
1002820,-3.3961174
1002821,-4.391999
1002822,-4.655475
1002823,-7.769082
1002824,-2.9625523
1002825,-0.47889698
1002826,-4.672236
1002827,-4.240574
1002828,-0.95315653
1002829,-6.99041
1002830,-2.0417256
1002831,-4.947793
1002832,-6.574904
1002833,-4.0471983
1002834,-2.7328398
1002835,-3.0613325
1002836,-8.066906
1002837,-7.6485515
1002838,-3.2566469
1002839,-4.760906
1002840,-4.4996624
1002841,-4.834085
1002842,-3.564428
1002843,-7.1552
1002844,-2.121759
1002845,-5.362278
1002846,-8.113707
1002847,-3.1931856
1002848,-7.5472913
1002849,-6.457285
1002850,-6.377328
1002851,0.08819864
1002852,-5.7653184
1002853,-7.04508
1002854,-6.3211675
1002855,-3.219017
1002856,-4.518522
1002857,1.0996829
1002858,-6.440555
1002859,-4.103794
1002860,-5.7184744
1002861,-7.308387
1002862,-7.0372057
1002863,-4.5543256
1002864,-8.46597
1002865,-6.5199003
1002866,-3.4829316
1002867,-5.4423347
1002868,-1.433076
1002869,-9.514357
1002870,-7.2489524
1002871,-6.5025606
1002872,-5.639068
1002873,-3.8231544
1002874,-5.9857244
1002875,-5.2776856
1002876,-3.117711
1002877,-1.4293917
1002878,-1.6381974
1002879,-5.800211
1002880,-7.8836145
1002881,-3.697888
1002882,-2.9663935
1002883,-5.8551745
1002884,-8.036801
1002885,-7.730649
1002886,-6.350923
1002887,-3.7966044
1002888,-3.7939446
1002889,-3.8160017
1002890,-5.241272
1002891,-1.16428
1002892,-4.508503
1002893,-4.035086
1002894,-5.5287967
1002895,-4.340012
1002896,-6.2626443
1002897,-2.827992
1002898,-3.5813549
1002899,-1.4323889
1002900,-4.2083645
1002901,-4.08234
1002902,-3.3570716
1002903,-4.0359926
1002904,-4.8433733
1002905,-3.818366
1002906,-8.417356
1002907,-4.925054
1002908,-4.1153784
1002909,-3.2180946
1002910,-3.824554
1002911,-0.5208892
1002912,-4.6535134
1002913,-4.3637023
1002914,-3.8898354
1002915,-4.6828265
1002916,-5.1063724
1002917,-4.1663184
1002918,-8.495389
1002919,-5.3533263
1002920,-1.4528326
1002921,-3.2424297
1002922,-7.5159545
1002923,-4.5105577
1002924,-8.138559
1002925,-2.629002
1002926,-4.928276
1002927,-3.4210148
1002928,-0.41630957
1002929,-1.6748539
1002930,-2.833329
1002931,-0.8643508
1002932,-7.226643
1002933,-3.4297266
1002934,-1.545288
1002935,-4.3028445
1002936,-8.786897
1002937,-7.2664127
1002938,-3.737599
1002939,-4.375532
1002940,-3.541693
1002941,-3.924566
1002942,-5.6375346
1002943,-4.145756
1002944,-5.365901
1002945,-6.4086785
1002946,-2.5026953
1002947,-4.3893366
1002948,-9.124118
1002949,-5.93872
1002950,-4.360839
1002951,-6.9848332
1002952,-4.5148773
1002953,-7.6599374
1002954,-5.1003
1002955,-6.8768535
1002956,-0.50575113
1002957,-2.7746878
1002958,-4.2378054
1002959,-1.8590491
1002960,-1.7318501
1002961,-1.2349101
1002962,-5.3582883
1002963,-1.9474976
1002964,-6.5397253
1002965,-7.095312
1002966,-2.2216878
1002967,-2.130916
1002968,-2.22289
1002969,-7.076456
1002970,-0.13906404
1002971,-5.626916
1002972,-7.8494267
1002973,-5.7236676
1002974,-7.3533406
1002975,-4.679638
1002976,-1.20672
1002977,-6.6061034
1002978,-5.337851
1002979,-4.41447
1002980,-5.1161847
1002981,-0.9721779
1002982,-3.3841462
1002983,-6.6492634
1002984,-4.712085
1002985,-5.2282557
1002986,-3.252931
1002987,-6.040965
1002988,-2.1096776
1002989,-0.71528095
1002990,-5.354271
1002991,-6.4777684
1002992,-7.410667
1002993,-9.07135
1002994,-0.29794565
1002995,-2.3226297
1002996,-3.993141
1002997,-5.530494
1002998,-2.3745353
1002999,-3.7992675
1003000,-7.8710947
1003001,-6.011257
1003002,-2.0168905
1003003,-4.408893
1003004,-3.4459696
1003005,-4.036492
1003006,-6.756898
1003007,-4.553674
1003008,-1.785246
1003009,-7.9959364
1003010,-5.2809563
1003011,-6.8464794
1003012,-3.0548444
1003013,-6.0549965
1003014,-5.371243
1003015,-4.9563065
1003016,-2.3862467
1003017,-6.329102
1003018,-2.9021966
1003019,-5.4139824
1003020,-1.5785234
1003021,-6.4892044
1003022,-2.9823153
1003023,-0.85803753
1003024,-4.353662
1003025,-7.746553
1003026,-0.8293503
1003027,-5.516774
1003028,-7.032047
1003029,-3.8347082
1003030,-7.037693
1003031,-5.12007
1003032,-0.33368915
1003033,-1.835408
1003034,-1.2130908
1003035,-6.4205823
1003036,-2.7004843
1003037,-6.854767
1003038,-3.2120447
1003039,-1.5773568
1003040,-2.0131657
1003041,-3.0348961
1003042,-6.7998776
1003043,-1.5859509
1003044,-7.9694705
1003045,-3.9944777
1003046,-7.7186656
1003047,-3.1011155
1003048,-8.809944
1003049,-5.2317357
1003050,-2.257806
1003051,-7.8836145
1003052,-5.93872
1003053,-1.1945785
1003054,-3.9887128
1003055,-2.1221786
1003056,-1.137902
1003057,-0.72244626
1003058,-3.4457026
1003059,-5.027501
1003060,-7.538696
1003061,-3.7615094
1003062,-5.1919255
1003063,-4.6361394
1003064,-5.9604125
1003065,-3.267554
1003066,-5.704739
1003067,-1.518701
1003068,-7.460201
1003069,-5.9017386
1003070,-5.0910797
1003071,-6.1686306
1003072,-4.5678315
1003073,-8.508585
1003074,-8.327773
1003075,-0.96456987
1003076,-8.110929
1003077,-5.431429
1003078,-0.5622009
1003079,-5.661765
1003080,-3.1429667
1003081,-0.27896562
1003082,-2.257229
1003083,-5.9495344
1003084,-6.1869984
1003085,-7.6827064
1003086,-6.251032
1003087,-2.999002
1003088,-1.9921927
1003089,-4.5792465
1003090,-0.97696364
1003091,-1.8238328
1003092,0.93424517
1003093,-4.327626
1003094,-4.9931483
1003095,-6.635454
1003096,-2.9475958
1003097,-1.7142628
1003098,-0.20456958
1003099,-2.4759784
1003100,-1.7948916
1003101,-6.5047
1003102,-7.367694
1003103,-5.751893
1003104,-6.0700555
1003105,-1.681437
1003106,-7.495602
1003107,-5.811616
1003108,-5.254138
1003109,-6.598098
1003110,-6.6238647
1003111,-6.4705825
1003112,-1.4142358
1003113,-0.103594035
1003114,-7.906207
1003115,-4.629477
1003116,-2.9619114
1003117,-6.3675575
1003118,-4.2295294
1003119,-6.9621973
1003120,-4.639905
1003121,-6.0985928
1003122,-0.5288168
1003123,-2.8140898
1003124,-9.833525
1003125,-3.3891118
1003126,-4.130382
1003127,-6.285451
1003128,-6.8550057
1003129,-2.9356337
1003130,-4.145089
1003131,-3.8354375
1003132,-5.77163
1003133,-6.4905596
1003134,-3.809884
1003135,-0.22034502
1003136,-3.9408937
1003137,-3.794108
1003138,-0.2185236
1003139,-1.3826574
1003140,-3.1918795
1003141,-3.3416767
1003142,-4.4908776
1003143,-3.9743373
1003144,-0.60371196
1003145,-4.547532
1003146,0.019788891
1003147,-8.16822
1003148,-5.721343
1003149,-4.5523014
1003150,-2.9168577
1003151,-3.3617039
1003152,-3.879696
1003153,-5.8037577
1003154,-7.599227
1003155,-4.179951
1003156,-7.038902
1003157,-2.2940626
1003158,-7.569393
1003159,-3.792095
1003160,-4.1886916
1003161,-2.4134374
1003162,-2.8822865
1003163,-3.6953304
1003164,-7.614401
1003165,-0.73913485
1003166,-3.173212
1003167,-1.8858012
1003168,-8.2692175
1003169,-5.2653627
1003170,-2.4851174
1003171,-7.631445
1003172,-3.4478903
1003173,-4.1663704
1003174,-6.4651794
1003175,-3.6247385
1003176,-2.9389684
1003177,-1.8146708
1003178,-3.7060006
1003179,-2.8576534
1003180,-6.526957
1003181,-3.0216284
1003182,-5.45733
1003183,-4.065764
1003184,-2.1654031
1003185,-5.5339165
1003186,-5.6787567
1003187,-8.005871
1003188,-6.519456
1003189,-8.195868
1003190,-9.133015
1003191,-0.33698425
1003192,-2.9736042
1003193,-7.941311
1003194,-0.95238715
1003195,-6.0142674
1003196,-6.3261113
1003197,-3.9821622
1003198,-4.0967493
1003199,-7.1050467
1003200,-5.7391577
1003201,-5.5968413
1003202,-4.4724145
1003203,-6.1017494
1003204,-9.2714405
1003205,-2.3498607
1003206,-6.2139907
1003207,-6.937477
1003208,-4.228419
1003209,-1.070016
1003210,-3.2799108
1003211,-1.8620785
1003212,-2.8669288
1003213,-0.6081629
1003214,-0.1632664
1003215,-3.9820952
1003216,-3.0724874
1003217,-2.3802807
1003218,-1.576963
1003219,-4.7946644
1003220,-2.7347155
1003221,-7.867627
1003222,-2.1604502
1003223,-4.412388
1003224,-3.36366
1003225,-3.609217
1003226,-2.359902
1003227,-5.8911023
1003228,-4.1975904
1003229,-4.3812623
1003230,-6.347101
1003231,-1.0126122
1003232,-2.73261
1003233,-3.9045038
1003234,-1.9712756
1003235,-4.7134714
1003236,-5.1985598
1003237,-6.745966
1003238,-4.6368575
1003239,-5.4381833
1003240,-8.162187
1003241,-4.3598704
1003242,-4.117991
1003243,-3.454052
1003244,-0.11958611
1003245,-1.584356
1003246,-1.5098957
1003247,-4.809631
1003248,-1.1198978
1003249,-6.1782675
1003250,-1.8670373
1003251,-4.34893
1003252,-0.42464867
1003253,-4.260904
1003254,-7.3376575
1003255,-4.7479916
1003256,-6.704921
1003257,-1.9799783
1003258,-4.8741035
1003259,-3.880584
1003260,-3.1804242
1003261,-3.0614412
1003262,-0.2845527
1003263,-7.5855494
1003264,-5.291392
1003265,-4.474127
1003266,-3.8921742
1003267,-0.30332568
1003268,-5.6806602
1003269,-5.2653627
1003270,-3.1585748
1003271,-2.3382125
1003272,-1.8850586
1003273,-3.7535372
1003274,-9.628506
1003275,-6.361011
1003276,-2.8483953
1003277,-3.60951
1003278,-2.626518
1003279,-7.849419
1003280,-3.7336907
1003281,-5.283321
1003282,-3.4358435
1003283,-4.9190702
1003284,-3.6132028
1003285,-3.5438848
1003286,-1.0950757
1003287,-6.447218
1003288,-6.5102243
1003289,-3.5963311
1003290,-1.872721
1003291,-4.811069
1003292,-4.472886
1003293,-4.434911
1003294,-5.541399
1003295,-1.1718353
1003296,-6.85551
1003297,-2.7217906
1003298,-5.481859
1003299,-4.046308
1003300,-1.7801374
1003301,-1.5555626
1003302,-0.78726465
1003303,-4.959202
1003304,0.4096607
1003305,-6.637555
1003306,-4.6621833
1003307,-6.7841387
1003308,-5.368623
1003309,-3.1039226
1003310,-2.5975087
1003311,-2.2636678
1003312,-2.676593
1003313,-3.7463157
1003314,-5.6880083
1003315,-3.1294172
1003316,-5.3417783
1003317,-1.2170602
1003318,-1.248761
1003319,-2.0252225
1003320,-7.5878773
1003321,-4.1943555
1003322,-7.092911
1003323,-5.4041724
1003324,-2.5967245
1003325,-4.036912
1003326,-1.7059035
1003327,-2.8317633
1003328,-7.9633164
1003329,-0.72244626
1003330,-4.436564
1003331,-6.973946
1003332,-1.0813406
1003333,-2.1281996
1003334,-5.8714824
1003335,-5.8832974
1003336,-5.5751247
1003337,-5.0773883
1003338,-4.5411816
1003339,-7.486505
1003340,-3.9655175
1003341,-2.8803608
1003342,-7.1383476
1003343,-3.3825536
1003344,-8.97407
1003345,-2.3382757
1003346,-2.3061752
1003347,-3.9063296
1003348,-2.7297766
1003349,-0.9968315
1003350,-4.3611107
1003351,-5.5489616
1003352,-2.5087678
1003353,-2.3226042
1003354,-2.5609334
1003355,-1.1516149
1003356,-5.884234
1003357,-1.8054653
1003358,-5.8552923
1003359,-3.3649516
1003360,0.25915933
1003361,-2.478416
1003362,-2.2560325
1003363,-3.648357
1003364,-6.447506
1003365,-1.8487587
1003366,-1.9977795
1003367,-7.5686846
1003368,-3.0502236
1003369,-5.378803
1003370,-2.3265283
1003371,-5.337759
1003372,-1.2291808
1003373,-3.566128
1003374,-4.350513
1003375,-3.532793
1003376,-4.111737
1003377,-6.3721366
1003378,-2.2384639
1003379,-3.349012
1003380,-4.9382615
1003381,-7.346756
1003382,-9.541792
1003383,-2.9446466
1003384,-5.5722365
1003385,-8.915873
1003386,-1.1484135
1003387,-4.8314915
1003388,-5.4213214
1003389,-4.2322464
1003390,-5.878248
1003391,-4.3240585
1003392,-3.2310224
1003393,-0.29794565
1003394,-3.481314
1003395,-2.9837358
1003396,-3.290161
1003397,-2.5299833
1003398,-3.5070524
1003399,-2.3175693
1003400,-7.8189926
1003401,-2.7420845
1003402,-7.8467875
1003403,-6.0223837
1003404,-3.4533825
1003405,-4.8426833
1003406,-6.3872557
1003407,-0.99717444
1003408,-1.3942959
1003409,-4.7254643
1003410,-3.0684972
1003411,-5.916128
1003412,-4.013222
1003413,-5.3437667
1003414,-6.0787783
1003415,-1.9767109
1003416,-3.8563943
1003417,-2.2569833
1003418,-3.3196793
1003419,-4.379333
1003420,-6.8946757
1003421,-5.0235143
1003422,-1.2772604
1003423,-3.6980186
1003424,-2.1368108
1003425,-3.5976121
1003426,-4.0323462
1003427,-5.7273755
1003428,-6.736861
1003429,-2.8161316
1003430,-9.547665
1003431,-9.018492
1003432,-3.273687
1003433,-4.2017083
1003434,-7.231922
1003435,-4.448745
1003436,-8.459847
1003437,-2.8530967
1003438,-6.393393
1003439,-2.618625
1003440,-4.2375097
1003441,-2.8237088
1003442,-2.0824988
1003443,-7.2711444
1003444,-3.8106227
1003445,-0.25757712
1003446,-7.118504
1003447,-0.7390211
1003448,-7.2512546
1003449,-5.257611
1003450,-3.0190692
1003451,-5.9737906
1003452,-3.2866576
1003453,-4.1804385
1003454,-6.2750263
1003455,-6.1858664
1003456,-2.5283651
1003457,-3.3775687
1003458,-5.3392987
1003459,-6.401221
1003460,-3.775956
1003461,-3.393711
1003462,-6.972809
1003463,-6.3178997
1003464,-6.4462843
1003465,-6.838795
1003466,-7.767276
1003467,-0.78201205
1003468,-6.257297
1003469,-3.761341
1003470,-5.017389
1003471,-4.192442
1003472,-7.1113167
1003473,-6.2421055
1003474,-5.2968607
1003475,-3.021925
1003476,-1.0255141
1003477,-7.475948
1003478,-5.497836
1003479,-9.1705675
1003480,-2.2686687
1003481,-3.985368
1003482,-1.5743269
1003483,-4.0486584
1003484,-3.2775292
1003485,-1.967016
1003486,-4.4870725
1003487,-4.471556
1003488,-0.327201
1003489,-5.906684
1003490,-6.5280232
1003491,-6.295095
1003492,-3.982212
1003493,-2.5939667
1003494,-7.2603416
1003495,-3.7831366
1003496,-4.950084
1003497,-1.5473733
1003498,-6.3726854
1003499,-1.3772942
1003500,-7.9523726
1003501,-3.7002983
1003502,-0.46388477
1003503,-3.531225
1003504,-7.289852
1003505,-4.92
1003506,-7.3882947
1003507,-5.888587
1003508,-6.789946
1003509,-5.67861
1003510,-2.87842
1003511,-4.109856
1003512,-1.4876553
1003513,-6.920031
1003514,-4.279383
1003515,-6.96136
1003516,-1.8768634
1003517,-4.0695567
1003518,-3.4284348
1003519,-3.7576935
1003520,-4.9524155
1003521,-7.7646894
1003522,-4.490815
1003523,-4.2423477
1003524,-0.4846905
1003525,-5.0134206
1003526,-6.297206
1003527,-6.0417914
1003528,-2.4686737
1003529,-3.0515366
1003530,-3.66937
1003531,-4.1200094
1003532,-1.086535
1003533,-6.852317
1003534,-1.089848
1003535,-5.2847457
1003536,-5.9711285
1003537,-3.6958241
1003538,-0.36600247
1003539,-3.3253636
1003540,-0.77563053
1003541,-4.9110837
1003542,-3.5752017
1003543,-6.052702
1003544,-7.259118
1003545,-4.3761787
1003546,-3.8897872
1003547,-6.5449224
1003548,-3.5766253
1003549,-3.569887
1003550,-2.3822052
1003551,-1.3929394
1003552,-3.4183087
1003553,-4.4394226
1003554,-3.6052225
1003555,-3.0981553
1003556,-1.9158726
1003557,0.5718276
1003558,-0.948361
1003559,-1.6712219
1003560,-0.5191063
1003561,-0.022897162
1003562,-6.031785
1003563,-0.90461004
1003564,-7.3278613
1003565,-1.4780267
1003566,-7.540749
1003567,0.48154932
1003568,-5.433665
1003569,0.16896914
1003570,-1.9481382
1003571,-2.9113533
1003572,-0.86455923
1003573,-4.7620683
1003574,-5.1810017
1003575,-4.012909
1003576,-5.6733456
1003577,-2.5537827
1003578,-6.0512223
1003579,-3.8464723
1003580,-2.0400407
1003581,-4.150913
1003582,-5.0170364
1003583,-2.7215364
1003584,-0.8257166
1003585,-3.7656305
1003586,-3.646343
1003587,-4.661195
1003588,-7.3230505
1003589,-2.3041205
1003590,-3.1438394
1003591,-4.5092664
1003592,-8.211298
1003593,-1.8257729
1003594,-4.4811373
1003595,-2.2622523
1003596,-7.0584455
1003597,-4.4702086
1003598,-4.961097
1003599,-4.216322
1003600,-7.088158
1003601,-7.41428
1003602,0.091453776
1003603,-6.6581826
1003604,-1.6328877
1003605,-3.3012059
1003606,-3.269979
1003607,-1.2990079
1003608,-5.002624
1003609,-7.3201666
1003610,-2.8729632
1003611,-8.494645
1003612,-5.174101
1003613,-1.0844102
1003614,-6.875574
1003615,-5.3485136
1003616,-5.070452
1003617,-1.7696453
1003618,-8.056753
1003619,-6.480971
1003620,-0.93993104
1003621,-3.1062407
1003622,-6.899499
1003623,-7.38703
1003624,-2.5431154
1003625,-6.8735757
1003626,-7.034174
1003627,-3.7036133
1003628,-4.527128
1003629,-1.7527207
1003630,-5.0622754
1003631,-4.5530224
1003632,-7.0258913
1003633,-5.522423
1003634,-0.11907703
1003635,-2.0647976
1003636,-2.3162785
1003637,-2.9658957
1003638,-4.7785764
1003639,-4.818201
1003640,-1.0076323
1003641,-0.7454842
1003642,-3.4210587
1003643,-3.8611283
1003644,-6.282508
1003645,-5.3377857
1003646,-2.955296
1003647,-6.723451
1003648,-4.7685156
1003649,-2.871033
1003650,-3.0759754
1003651,-2.4568634
1003652,-3.0253623
1003653,-4.829342
1003654,-8.352474
1003655,-4.8866296
1003656,-7.5538473
1003657,-6.4064927
1003658,-4.5082707
1003659,-1.8564413
1003660,-2.6529684
1003661,-3.7452822
1003662,-7.1715894
1003663,-2.2903476
1003664,-2.4417908
1003665,-7.1335506
1003666,-0.44385427
1003667,-2.1662073
1003668,-7.0350304
1003669,-5.1908326
1003670,-1.6793493
1003671,-5.3149858
1003672,-0.9003866
1003673,-1.2915853
1003674,-1.5591497
1003675,-4.2547054
1003676,-6.3881235
1003677,-1.2768632
1003678,-6.1412153
1003679,-2.968115
1003680,-2.0026338
1003681,-2.0193057
1003682,-4.3287945
1003683,-5.9008584
1003684,-5.824152
1003685,-3.6521547
1003686,-7.5729218
1003687,-1.6039176
1003688,-6.0838637
1003689,-4.754832
1003690,-6.0619783
1003691,-2.0478778
1003692,-5.9286137
1003693,-2.6365976
1003694,-2.8488894
1003695,-7.443867
1003696,-3.9063427
1003697,-3.608229
1003698,-6.3505144
1003699,-2.616454
1003700,-1.4991353
1003701,-2.0250237
1003702,-4.5222855
1003703,-5.7035894
1003704,-4.821503
1003705,-5.845934
1003706,-3.2049325
1003707,-5.1979604
1003708,-7.18934
1003709,-4.065492
1003710,-5.1521225
1003711,-6.6856527
1003712,-1.5226245
1003713,-4.740563
1003714,-1.4829298
1003715,-5.7749906
1003716,-7.972689
1003717,-6.531378
1003718,-6.545939
1003719,-4.397347
1003720,-5.1156383
1003721,-3.159244
1003722,-4.6918206
1003723,-1.3550063
1003724,-2.011593
1003725,-7.913875
1003726,-3.6433032
1003727,-6.1670475
1003728,-6.418048
1003729,-1.5465741
1003730,-3.9283981
1003731,-3.8844678
1003732,-2.1305103
1003733,-1.3532804
1003734,-2.074075
1003735,-2.7329488
1003736,-9.039011
1003737,-4.6620755
1003738,-2.388911
1003739,-7.5960226
1003740,-4.5730085
1003741,-1.951751
1003742,-2.0590382
1003743,-7.865486
1003744,-5.5354314
1003745,-2.9242184
1003746,-6.6648054
1003747,-5.526963
1003748,-4.5780396
1003749,-2.2131295
1003750,-0.81045866
1003751,-6.1139536
1003752,-6.5198364
1003753,-3.0531113
1003754,-3.4717236
1003755,-3.1854873
1003756,-3.685422
1003757,-5.717771
1003758,-9.753918
1003759,-3.2462537
1003760,-0.45295852
1003761,-3.3637078
1003762,-6.078329
1003763,-3.848162
1003764,-2.0774982
1003765,-5.781885
1003766,-3.4827845
1003767,-3.5445936
1003768,-2.1771019
1003769,-2.762507
1003770,-3.6501544
1003771,-3.6543796
1003772,-3.552833
1003773,-6.534337
1003774,-5.2628493
1003775,-1.0921555
1003776,0.15854132
1003777,-1.7150532
1003778,-7.332897
1003779,-4.088776
1003780,-1.3114749
1003781,-1.4001776
1003782,-3.4760008
1003783,-0.54877263
1003784,-4.088129
1003785,-4.7958665
1003786,-4.282621
1003787,-2.1324131
1003788,-6.748594
1003789,-2.13935
1003790,-1.1589978
1003791,-3.4543343
1003792,-7.2206254
1003793,-7.1605
1003794,-1.0271957
1003795,-7.0954084
1003796,-6.796826
1003797,-5.6961946
1003798,0.675576
1003799,-2.4144526
1003800,-3.5247014
1003801,-3.3012526
1003802,-5.109579
1003803,-2.3652952
1003804,-8.8542185
1003805,-7.9014463
1003806,-5.1150947
1003807,-2.3637798
1003808,-2.6345453
1003809,-5.647776
1003810,-2.5928698
1003811,-1.8590232
1003812,-6.123382
1003813,-7.388152
1003814,-7.4841213
1003815,-3.1815958
1003816,-1.6773936
1003817,-3.6426072
1003818,-5.2326236
1003819,-3.6331756
1003820,-4.1254325
1003821,-6.8090177
1003822,-2.6872976
1003823,-8.897216
1003824,-4.3798337
1003825,-5.69773
1003826,-5.308697
1003827,-2.8484037
1003828,-5.3933215
1003829,-3.873279
1003830,-4.7443876
1003831,-6.930156
1003832,-2.3125365
1003833,-4.1645083
1003834,-1.8288132
1003835,-2.023871
1003836,-6.9970794
1003837,-4.651401
1003838,-0.12466869
1003839,-3.9436903
1003840,-6.9532123
1003841,-2.512591
1003842,-3.2737544
1003843,-6.816167
1003844,-3.0862343
1003845,-2.8016856
1003846,-7.1958714
1003847,-2.4740236
1003848,-4.1733
1003849,-5.1449165
1003850,-6.4504995
1003851,-0.8575403
1003852,-2.0293515
1003853,-4.450355
1003854,-3.1965265
1003855,-6.0638237
1003856,-7.089209
1003857,-4.8089023
1003858,-4.982602
1003859,-5.5936594
1003860,-7.9369335
1003861,-2.697561
1003862,-1.2950749
1003863,-7.4354153
1003864,-1.0601552
1003865,-0.7609732
1003866,-1.4321072
1003867,-3.050269
1003868,-3.0270817
1003869,-7.4638567
1003870,-3.3905785
1003871,-8.574413
1003872,-6.4043427
1003873,0.18140322
1003874,-4.6009717
1003875,-1.0805466
1003876,-1.8386369
1003877,-2.4509175
1003878,-1.6692224
1003879,-5.4348025
1003880,-5.9011035
1003881,-6.202572
1003882,-5.375224
1003883,-2.8322308
1003884,-8.403556
1003885,-4.6621284
1003886,-0.9290484
1003887,-7.366321
1003888,-2.3947806
1003889,-1.5564423
1003890,-6.753859
1003891,-3.5413873
1003892,-4.9678984
1003893,-4.974012
1003894,-2.3818707
1003895,-7.3414173
1003896,-6.131482
1003897,-6.1524043
1003898,-3.15475
1003899,-1.2111918
1003900,-0.040099856
1003901,1.1729382
1003902,-4.6099086
1003903,-5.7450504
1003904,-7.4949665
1003905,-6.043495
1003906,-5.465518
1003907,-7.14461
1003908,-2.5065699
1003909,-3.7774513
1003910,-2.4587069
1003911,-5.020038
1003912,-7.0394006
1003913,-0.03473799
1003914,-2.978446
1003915,-4.0861177
1003916,-1.2656736
1003917,-6.647758
1003918,-6.144854
1003919,-6.3200183
1003920,-1.3904749
1003921,-6.3153195
1003922,-0.58077544
1003923,-7.256901
1003924,-7.5438614
1003925,-7.1136656
1003926,-3.246846
1003927,1.2382246
1003928,-2.0946226
1003929,-7.989092
1003930,-4.5943966
1003931,-2.012287
1003932,-3.4421296
1003933,-3.825879
1003934,-7.255426
1003935,-6.818
1003936,-3.0170286
1003937,-1.4171715
1003938,-2.6178763
1003939,-5.7527714
1003940,1.6539913
1003941,-0.48675948
1003942,-3.0742538
1003943,-6.0424905
1003944,-5.6208153
1003945,-5.493372
1003946,-4.185466
1003947,-8.895763
1003948,-4.050143
1003949,-6.0995917
1003950,-0.14570789
1003951,-1.7561729
1003952,-3.3436317
1003953,-4.067042
1003954,-3.2756565
1003955,-6.907014
1003956,-6.6932406
1003957,-7.217297
1003958,-3.0413618
1003959,-2.7563589
1003960,-1.8859845
1003961,-0.56860703
1003962,-8.108224
1003963,-5.9293747
1003964,-7.5122056
1003965,-1.6907065
1003966,-6.0352254
1003967,-7.354563
1003968,-5.164861
1003969,-4.1456385
1003970,-7.651376
1003971,3.2830613
1003972,-7.2146235
1003973,-8.145464
1003974,-5.889056
1003975,-4.028578
1003976,-2.6128633
1003977,-0.89918727
1003978,-5.8033214
1003979,-7.5169716
1003980,-3.2553172
1003981,-3.5742288
1003982,-4.678419
1003983,-1.8348025
1003984,-2.460676
1003985,-2.4841075
1003986,-1.0868562
1003987,-4.6529217
1003988,-7.6730647
1003989,-6.647842
1003990,-3.0248532
1003991,-1.2692665
1003992,-1.7213792
1003993,-8.253096
1003994,-1.6194308
1003995,-3.7693777
1003996,-5.4619503
1003997,-3.1686587
1003998,-2.217273
1003999,-7.019285
1004000,-3.2876618
1004001,-6.753051
1004002,-8.364082
1004003,-6.134251
1004004,-5.7773023
1004005,-1.5001848
1004006,-3.533726
1004007,-6.570529
1004008,-7.6618543
1004009,-3.4900763
1004010,-0.32189092
1004011,-1.3873891
1004012,-7.008916
1004013,-6.939977
1004014,-4.805669
1004015,-3.9571776
1004016,0.6842445
1004017,-7.0946994
1004018,-4.592778
1004019,-4.5772667
1004020,-6.9305954
1004021,-4.087673
1004022,-6.4232388
1004023,-4.640539
1004024,-2.4764612
1004025,-5.717253
1004026,-6.4826865
1004027,-7.6209426
1004028,-2.7265942
1004029,-7.9780126
1004030,-0.672039
1004031,-7.571958
1004032,-7.543542
1004033,-2.2341595
1004034,-4.828714
1004035,-8.518674
1004036,-2.8812754
1004037,-4.6636147
1004038,-1.3033091
1004039,-1.8383383
1004040,-7.428358
1004041,-1.4174416
1004042,-2.6122866
1004043,-1.8347174
1004044,-2.4558504
1004045,-6.5739827
1004046,-2.4598165
1004047,-8.45483
1004048,-3.233758
1004049,-6.955944
1004050,-5.2892942
1004051,-6.7292337
1004052,-3.721977
1004053,-7.160825
1004054,-7.1725373
1004055,-3.7192864
1004056,-8.62365
1004057,-5.003888
1004058,-1.2059895
1004059,-2.7892504
1004060,-6.2157755
1004061,-4.6602726
1004062,-3.8863826
1004063,-2.7881215
1004064,-1.8059283
1004065,-0.097486675
1004066,-0.9900024
1004067,-8.731807
1004068,-1.4959486
1004069,-2.552217
1004070,-6.4114738
1004071,-2.8253944
1004072,-3.2856646
1004073,-4.0785723
1004074,-4.285634
1004075,-1.9562067
1004076,-4.5264273
1004077,-4.7220254
1004078,-3.5679214
1004079,-0.007707743
1004080,-3.2334058
1004081,-2.1453912
1004082,-8.05787
1004083,-7.634958
1004084,-5.0670414
1004085,-3.3440635
1004086,-3.4413419
1004087,-2.9394715
1004088,1.6387737
1004089,0.11015727
1004090,-5.250026
1004091,-2.3778746
1004092,-5.944035
1004093,-4.7554893
1004094,-4.3609877
1004095,-7.4295583
1004096,-6.422542
1004097,-2.8562853
1004098,-5.2325864
1004099,-5.9527984
1004100,-1.7646688
1004101,-2.3694227
1004102,-5.506989
1004103,-4.2161922
1004104,-4.6769023
1004105,-4.3666124
1004106,-3.4494386
1004107,-7.5069013
1004108,-7.335634
1004109,-3.1848352
1004110,-6.876005
1004111,-4.435234
1004112,-4.992937
1004113,-3.4654226
1004114,-8.952127
1004115,-7.772368
1004116,-3.6671622
1004117,-5.5750012
1004118,-7.8704715
1004119,-6.0899544
1004120,-6.6061945
1004121,0.7527403
1004122,-3.8641407
1004123,-2.1118853
1004124,-2.2021458
1004125,-5.1530066
1004126,-2.4976964
1004127,-0.9770827
1004128,-6.691427
1004129,-2.1824627
1004130,-6.574218
1004131,-4.9271
1004132,-4.9591756
1004133,-2.3180497
1004134,-3.8955367
1004135,-4.7113843
1004136,-7.965274
1004137,-4.8283243
1004138,-1.2949556
1004139,-6.0484924
1004140,-3.885626
1004141,-0.96042275
1004142,-1.9701185
1004143,-4.095483
1004144,-6.2812395
1004145,-1.2117705
1004146,-5.9859214
1004147,-3.0826907
1004148,-2.9742212
1004149,-0.98171127
1004150,-4.229726
1004151,-7.151683
1004152,-3.968182
1004153,-3.1364377
1004154,-1.9696393
1004155,-4.2555003
1004156,-1.0588169
1004157,-2.9948559
1004158,-6.477199
1004159,-0.36852995
1004160,-5.5321207
1004161,-5.346981
1004162,-8.982958
1004163,-6.352569
1004164,-1.4737685
1004165,-5.1099324
1004166,-1.935954
1004167,-2.1057508
1004168,-6.0522356
1004169,-2.0940347
1004170,-0.13369091
1004171,-6.7319627
1004172,-2.5776994
1004173,-5.1710114
1004174,-3.4769661
1004175,-3.614141
1004176,-1.8848968
1004177,-2.102738
1004178,-3.1016793
1004179,-4.7293954
1004180,-5.3981156
1004181,-4.9207935
1004182,-6.874596
1004183,-5.009391
1004184,-3.5121653
1004185,-5.5090036
1004186,-2.7661865
1004187,-3.716867
1004188,-2.529129
1004189,-3.3760598
1004190,-4.288787
1004191,-3.4051027
1004192,-3.8287473
1004193,-5.705239
1004194,-1.8839622
1004195,-0.35632402
1004196,-3.436894
1004197,-0.48764557
1004198,-4.246133
1004199,-3.3481834
1004200,-7.0575423
1004201,-3.5060139
1004202,-2.360544
1004203,-7.036944
1004204,-3.041621
1004205,-6.7202992
1004206,-3.7801728
1004207,-6.8466573
1004208,-0.93055516
1004209,-2.6787753
1004210,-2.7041981
1004211,-6.526562
1004212,-6.1932178
1004213,-4.1585197
1004214,-4.3813267
1004215,-2.036562
1004216,-8.662657
1004217,-8.607291
1004218,-6.9553757
1004219,-2.7438056
1004220,-4.753438
1004221,-2.310918
1004222,-5.6761513
1004223,-4.087596
1004224,-3.0308514
1004225,-2.9063203
1004226,-4.6202903
1004227,-7.149625
1004228,-7.096081
1004229,-5.4688435
1004230,-3.0287156
1004231,-6.5483446
1004232,-1.2332997
1004233,-7.0237823
1004234,-6.0258117
1004235,-5.698522
1004236,-7.478137
1004237,-5.062082
1004238,-2.2390637
1004239,-1.5854665
1004240,-9.098526
1004241,-3.2031581
1004242,-2.873151
1004243,-0.6985827
1004244,-6.514031
1004245,-3.172617
1004246,-3.6947703
1004247,-2.9926515
1004248,-2.931256
1004249,-4.6524496
1004250,-8.86405
1004251,-3.8234324
1004252,-8.8325615
1004253,-6.3905244
1004254,-7.3012967
1004255,-6.7695413
1004256,-6.501115
1004257,-3.090949
1004258,-5.6870203
1004259,-5.8266463
1004260,-2.9065306
1004261,-4.048171
1004262,-2.7970529
1004263,-8.617099
1004264,-5.1063557
1004265,-7.763872
1004266,-2.8448842
1004267,-7.288633
1004268,-1.1893137
1004269,-4.6270647
1004270,-2.0629098
1004271,-6.646234
1004272,-3.6041303
1004273,-3.7851737
1004274,-5.3955097
1004275,-2.2123044
1004276,-5.014239
1004277,-3.2919135
1004278,-3.7634199
1004279,-2.714862
1004280,-6.4456263
1004281,-0.5929656
1004282,-1.061309
1004283,-0.38596603
1004284,-2.5048373
1004285,-2.7195158
1004286,-1.206309
1004287,-4.1564837
1004288,-4.921038
1004289,-4.4165072
1004290,-2.6851776
1004291,-4.842028
1004292,-7.9495597
1004293,-1.8909765
1004294,-2.8839302
1004295,-7.2946205
1004296,-2.919726
1004297,-3.0461335
1004298,-4.3521643
1004299,-4.424779
1004300,-6.1636896
1004301,-3.6513689
1004302,-4.426887
1004303,-3.4665484
1004304,-7.1408653
1004305,-1.4657675
1004306,-7.161653
1004307,-3.8166583
1004308,-4.8397884
1004309,-6.922837
1004310,-1.404929
1004311,-6.4077654
1004312,-3.7765684
1004313,-3.8800297
1004314,-5.4321003
1004315,-4.2098937
1004316,-5.236645
1004317,-7.302366
1004318,-3.2955384
1004319,-3.863476
1004320,-3.5187223
1004321,-0.8986074
1004322,-6.4372926
1004323,-1.9275022
1004324,-1.4382161
1004325,-6.12966
1004326,-2.6897218
1004327,-6.9043245
1004328,-4.022569
1004329,-4.7023687
1004330,-7.883263
1004331,-3.963015
1004332,-3.2639163
1004333,-0.7202599
1004334,-5.982573
1004335,-2.4948535
1004336,-7.8868093
1004337,-4.283022
1004338,-3.9755504
1004339,-2.6188028
1004340,-6.502294
1004341,-2.6796467
1004342,-8.114363
1004343,-3.152674
1004344,-4.392698
1004345,-3.4038136
1004346,-6.623313
1004347,-7.3736157
1004348,-9.447314
1004349,-8.301509
1004350,-3.1255069
1004351,-4.156143
1004352,-5.4567947
1004353,-6.9506364
1004354,-6.098509
1004355,-4.1784225
1004356,-2.4696324
1004357,-4.1896205
1004358,-5.283444
1004359,-2.3243723
1004360,-5.2917337
1004361,-4.2622313
1004362,-3.0896416
1004363,-4.703324
1004364,-1.320101
1004365,-6.537898
1004366,-0.80510575
1004367,-4.2355576
1004368,-7.7673135
1004369,-8.491011
1004370,-1.706726
1004371,-4.103616
1004372,-3.694734
1004373,-4.811545
1004374,-7.969938
1004375,-2.0621388
1004376,-4.1869826
1004377,-6.6517487
1004378,-3.1566222
1004379,-2.9865606
1004380,-0.9156288
1004381,-0.985836
1004382,-3.8143537
1004383,-0.20917971
1004384,-3.5825176
1004385,-4.7537193
1004386,-2.323815
1004387,-4.026607
1004388,-4.596045
1004389,-8.76008
1004390,-3.135567
1004391,-6.31076
1004392,-5.7694435
1004393,-7.09846
1004394,-4.077851
1004395,-2.5928457
1004396,-4.2662506
1004397,-4.7674317
1004398,-4.824924
1004399,-7.7212954
1004400,-5.727172
1004401,-4.70124
1004402,-3.8121142
1004403,0.9025705
1004404,-5.123168
1004405,-5.7171617
1004406,-7.7414637
1004407,-2.5669446
1004408,-7.1992884
1004409,-0.6609892
1004410,-3.9197462
1004411,-4.7314115
1004412,-7.08461
1004413,-1.849789
1004414,-5.854729
1004415,-3.7379036
1004416,-4.505327
1004417,-0.2740815
1004418,-2.527006
1004419,-5.172622
1004420,-2.682712
1004421,-2.624974
1004422,-0.32416177
1004423,-6.5557055
1004424,-3.496985
1004425,-0.7727119
1004426,-3.2182333
1004427,-2.6117873
1004428,-1.9188486
1004429,-3.8223052
1004430,-9.011177
1004431,-2.9924483
1004432,-4.798946
1004433,-3.4080925
1004434,-4.5379972
1004435,-8.199916
1004436,0.6375465
1004437,-2.6994236
1004438,-6.0516915
1004439,-2.7318182
1004440,-3.641196
1004441,-1.9248055
1004442,-3.4112473
1004443,-7.318587
1004444,0.44349247
1004445,-5.939646
1004446,-3.1177802
1004447,-2.661774
1004448,-4.059831
1004449,-1.3893926
1004450,-0.27948445
1004451,-2.8622794
1004452,-5.7538195
1004453,-6.7205315
1004454,-1.8930227
1004455,-1.5547332
1004456,-7.0497236
1004457,-7.74885
1004458,-6.197422
1004459,-6.929694
1004460,-5.578397
1004461,-4.370474
1004462,-6.317715
1004463,-3.923546
1004464,-2.3838139
1004465,-8.340886
1004466,-3.2085533
1004467,-3.3001502
1004468,-7.0676584
1004469,-4.0765967
1004470,-1.494317
1004471,-6.1779523
1004472,-0.85660774
1004473,-3.8084733
1004474,-3.9606454
1004475,-5.1113906
1004476,-0.44380066
1004477,-6.4099965
1004478,-5.612551
1004479,-1.2305361
1004480,-2.5838063
1004481,-2.4867902
1004482,-3.7514174
1004483,-7.469502
1004484,-3.1680944
1004485,-1.8657289
1004486,-1.1007873
1004487,-4.4157434
1004488,-4.9054184
1004489,-3.9269526
1004490,-3.2882135
